<?xml version="1.0" encoding="UTF-8"?>
<kml xmlns="http://www.opengis.net/kml/2.2" xmlns:gx="http://www.google.com/kml/ext/2.2">
    <Document id="7671">
        <Style id="7676">
            <PolyStyle id="7677">
                <color>fffffbf7</color>
                <colorMode>normal</colorMode>
                <fill>1</fill>
                <outline>0</outline>
            </PolyStyle>
        </Style>
        <Style id="7682">
            <PolyStyle id="7683">
                <color>fffffbf7</color>
                <colorMode>normal</colorMode>
                <fill>1</fill>
                <outline>0</outline>
            </PolyStyle>
        </Style>
        <Style id="7688">
            <PolyStyle id="7689">
                <color>fffffbf7</color>
                <colorMode>normal</colorMode>
                <fill>1</fill>
                <outline>0</outline>
            </PolyStyle>
        </Style>
        <Style id="7694">
            <PolyStyle id="7695">
                <color>fffffbf7</color>
                <colorMode>normal</colorMode>
                <fill>1</fill>
                <outline>0</outline>
            </PolyStyle>
        </Style>
        <Style id="7700">
            <PolyStyle id="7701">
                <color>fffffbf7</color>
                <colorMode>normal</colorMode>
                <fill>1</fill>
                <outline>0</outline>
            </PolyStyle>
        </Style>
        <Style id="7706">
            <PolyStyle id="7707">
                <color>fff8eee3</color>
                <colorMode>normal</colorMode>
                <fill>1</fill>
                <outline>0</outline>
            </PolyStyle>
        </Style>
        <Style id="7712">
            <PolyStyle id="7713">
                <color>fffbf3eb</color>
                <colorMode>normal</colorMode>
                <fill>1</fill>
                <outline>0</outline>
            </PolyStyle>
        </Style>
        <Style id="7718">
            <PolyStyle id="7719">
                <color>fffaf2ea</color>
                <colorMode>normal</colorMode>
                <fill>1</fill>
                <outline>0</outline>
            </PolyStyle>
        </Style>
        <Style id="7724">
            <PolyStyle id="7725">
                <color>fffffbf7</color>
                <colorMode>normal</colorMode>
                <fill>1</fill>
                <outline>0</outline>
            </PolyStyle>
        </Style>
        <Style id="7730">
            <PolyStyle id="7731">
                <color>fff9efe4</color>
                <colorMode>normal</colorMode>
                <fill>1</fill>
                <outline>0</outline>
            </PolyStyle>
        </Style>
        <Style id="7736">
            <PolyStyle id="7737">
                <color>fffefaf6</color>
                <colorMode>normal</colorMode>
                <fill>1</fill>
                <outline>0</outline>
            </PolyStyle>
        </Style>
        <Style id="7742">
            <PolyStyle id="7743">
                <color>fffcf6ef</color>
                <colorMode>normal</colorMode>
                <fill>1</fill>
                <outline>0</outline>
            </PolyStyle>
        </Style>
        <Style id="7748">
            <PolyStyle id="7749">
                <color>fffef9f5</color>
                <colorMode>normal</colorMode>
                <fill>1</fill>
                <outline>0</outline>
            </PolyStyle>
        </Style>
        <Style id="7754">
            <PolyStyle id="7755">
                <color>fffffbf7</color>
                <colorMode>normal</colorMode>
                <fill>1</fill>
                <outline>0</outline>
            </PolyStyle>
        </Style>
        <Style id="7760">
            <PolyStyle id="7761">
                <color>fffffbf7</color>
                <colorMode>normal</colorMode>
                <fill>1</fill>
                <outline>0</outline>
            </PolyStyle>
        </Style>
        <Style id="7766">
            <PolyStyle id="7767">
                <color>fffbf3eb</color>
                <colorMode>normal</colorMode>
                <fill>1</fill>
                <outline>0</outline>
            </PolyStyle>
        </Style>
        <Style id="7772">
            <PolyStyle id="7773">
                <color>fffffbf7</color>
                <colorMode>normal</colorMode>
                <fill>1</fill>
                <outline>0</outline>
            </PolyStyle>
        </Style>
        <Style id="7778">
            <PolyStyle id="7779">
                <color>fffffbf7</color>
                <colorMode>normal</colorMode>
                <fill>1</fill>
                <outline>0</outline>
            </PolyStyle>
        </Style>
        <Style id="7784">
            <PolyStyle id="7785">
                <color>fffbf4ed</color>
                <colorMode>normal</colorMode>
                <fill>1</fill>
                <outline>0</outline>
            </PolyStyle>
        </Style>
        <Style id="7790">
            <PolyStyle id="7791">
                <color>fffffbf7</color>
                <colorMode>normal</colorMode>
                <fill>1</fill>
                <outline>0</outline>
            </PolyStyle>
        </Style>
        <Style id="7796">
            <PolyStyle id="7797">
                <color>fffffbf7</color>
                <colorMode>normal</colorMode>
                <fill>1</fill>
                <outline>0</outline>
            </PolyStyle>
        </Style>
        <Style id="7802">
            <PolyStyle id="7803">
                <color>fffffbf7</color>
                <colorMode>normal</colorMode>
                <fill>1</fill>
                <outline>0</outline>
            </PolyStyle>
        </Style>
        <Style id="7808">
            <PolyStyle id="7809">
                <color>fffef9f5</color>
                <colorMode>normal</colorMode>
                <fill>1</fill>
                <outline>0</outline>
            </PolyStyle>
        </Style>
        <Style id="7814">
            <PolyStyle id="7815">
                <color>fff8eee3</color>
                <colorMode>normal</colorMode>
                <fill>1</fill>
                <outline>0</outline>
            </PolyStyle>
        </Style>
        <Style id="7820">
            <PolyStyle id="7821">
                <color>fffdf7f2</color>
                <colorMode>normal</colorMode>
                <fill>1</fill>
                <outline>0</outline>
            </PolyStyle>
        </Style>
        <Style id="7826">
            <PolyStyle id="7827">
                <color>fffffbf7</color>
                <colorMode>normal</colorMode>
                <fill>1</fill>
                <outline>0</outline>
            </PolyStyle>
        </Style>
        <Style id="7832">
            <PolyStyle id="7833">
                <color>fffffbf7</color>
                <colorMode>normal</colorMode>
                <fill>1</fill>
                <outline>0</outline>
            </PolyStyle>
        </Style>
        <Style id="7838">
            <PolyStyle id="7839">
                <color>fff9f0e7</color>
                <colorMode>normal</colorMode>
                <fill>1</fill>
                <outline>0</outline>
            </PolyStyle>
        </Style>
        <Style id="7844">
            <PolyStyle id="7845">
                <color>fffdf7f2</color>
                <colorMode>normal</colorMode>
                <fill>1</fill>
                <outline>0</outline>
            </PolyStyle>
        </Style>
        <Style id="7850">
            <PolyStyle id="7851">
                <color>fffefaf6</color>
                <colorMode>normal</colorMode>
                <fill>1</fill>
                <outline>0</outline>
            </PolyStyle>
        </Style>
        <Style id="7856">
            <PolyStyle id="7857">
                <color>fffcf5ee</color>
                <colorMode>normal</colorMode>
                <fill>1</fill>
                <outline>0</outline>
            </PolyStyle>
        </Style>
        <Style id="7862">
            <PolyStyle id="7863">
                <color>fff8eee3</color>
                <colorMode>normal</colorMode>
                <fill>1</fill>
                <outline>0</outline>
            </PolyStyle>
        </Style>
        <Style id="7868">
            <PolyStyle id="7869">
                <color>fff8ede2</color>
                <colorMode>normal</colorMode>
                <fill>1</fill>
                <outline>0</outline>
            </PolyStyle>
        </Style>
        <Style id="7874">
            <PolyStyle id="7875">
                <color>fffffbf7</color>
                <colorMode>normal</colorMode>
                <fill>1</fill>
                <outline>0</outline>
            </PolyStyle>
        </Style>
        <Style id="7880">
            <PolyStyle id="7881">
                <color>fffffbf7</color>
                <colorMode>normal</colorMode>
                <fill>1</fill>
                <outline>0</outline>
            </PolyStyle>
        </Style>
        <Style id="7886">
            <PolyStyle id="7887">
                <color>fffbf4ec</color>
                <colorMode>normal</colorMode>
                <fill>1</fill>
                <outline>0</outline>
            </PolyStyle>
        </Style>
        <Style id="7892">
            <PolyStyle id="7893">
                <color>fffdf7f2</color>
                <colorMode>normal</colorMode>
                <fill>1</fill>
                <outline>0</outline>
            </PolyStyle>
        </Style>
        <Style id="7898">
            <PolyStyle id="7899">
                <color>fffffbf7</color>
                <colorMode>normal</colorMode>
                <fill>1</fill>
                <outline>0</outline>
            </PolyStyle>
        </Style>
        <Style id="7904">
            <PolyStyle id="7905">
                <color>fffef9f5</color>
                <colorMode>normal</colorMode>
                <fill>1</fill>
                <outline>0</outline>
            </PolyStyle>
        </Style>
        <Style id="7910">
            <PolyStyle id="7911">
                <color>fffffbf7</color>
                <colorMode>normal</colorMode>
                <fill>1</fill>
                <outline>0</outline>
            </PolyStyle>
        </Style>
        <Style id="7916">
            <PolyStyle id="7917">
                <color>fffffbf7</color>
                <colorMode>normal</colorMode>
                <fill>1</fill>
                <outline>0</outline>
            </PolyStyle>
        </Style>
        <Style id="7922">
            <PolyStyle id="7923">
                <color>fffffbf7</color>
                <colorMode>normal</colorMode>
                <fill>1</fill>
                <outline>0</outline>
            </PolyStyle>
        </Style>
        <Style id="7928">
            <PolyStyle id="7929">
                <color>fffffbf7</color>
                <colorMode>normal</colorMode>
                <fill>1</fill>
                <outline>0</outline>
            </PolyStyle>
        </Style>
        <Style id="7934">
            <PolyStyle id="7935">
                <color>fffffbf7</color>
                <colorMode>normal</colorMode>
                <fill>1</fill>
                <outline>0</outline>
            </PolyStyle>
        </Style>
        <Style id="7940">
            <PolyStyle id="7941">
                <color>fffffbf7</color>
                <colorMode>normal</colorMode>
                <fill>1</fill>
                <outline>0</outline>
            </PolyStyle>
        </Style>
        <Style id="7946">
            <PolyStyle id="7947">
                <color>fffbf3eb</color>
                <colorMode>normal</colorMode>
                <fill>1</fill>
                <outline>0</outline>
            </PolyStyle>
        </Style>
        <Style id="7952">
            <PolyStyle id="7953">
                <color>fffcf5ef</color>
                <colorMode>normal</colorMode>
                <fill>1</fill>
                <outline>0</outline>
            </PolyStyle>
        </Style>
        <Style id="7958">
            <PolyStyle id="7959">
                <color>fffaf1e8</color>
                <colorMode>normal</colorMode>
                <fill>1</fill>
                <outline>0</outline>
            </PolyStyle>
        </Style>
        <Style id="7964">
            <PolyStyle id="7965">
                <color>fffdf7f2</color>
                <colorMode>normal</colorMode>
                <fill>1</fill>
                <outline>0</outline>
            </PolyStyle>
        </Style>
        <Style id="7970">
            <PolyStyle id="7971">
                <color>fffdf7f2</color>
                <colorMode>normal</colorMode>
                <fill>1</fill>
                <outline>0</outline>
            </PolyStyle>
        </Style>
        <Style id="7976">
            <PolyStyle id="7977">
                <color>fffcf5ef</color>
                <colorMode>normal</colorMode>
                <fill>1</fill>
                <outline>0</outline>
            </PolyStyle>
        </Style>
        <Style id="7982">
            <PolyStyle id="7983">
                <color>fff7ece0</color>
                <colorMode>normal</colorMode>
                <fill>1</fill>
                <outline>0</outline>
            </PolyStyle>
        </Style>
        <Style id="7988">
            <PolyStyle id="7989">
                <color>fffbf3eb</color>
                <colorMode>normal</colorMode>
                <fill>1</fill>
                <outline>0</outline>
            </PolyStyle>
        </Style>
        <Style id="7994">
            <PolyStyle id="7995">
                <color>fffaf2e9</color>
                <colorMode>normal</colorMode>
                <fill>1</fill>
                <outline>0</outline>
            </PolyStyle>
        </Style>
        <Style id="8000">
            <PolyStyle id="8001">
                <color>fffaf2ea</color>
                <colorMode>normal</colorMode>
                <fill>1</fill>
                <outline>0</outline>
            </PolyStyle>
        </Style>
        <Style id="8006">
            <PolyStyle id="8007">
                <color>fffaf2ea</color>
                <colorMode>normal</colorMode>
                <fill>1</fill>
                <outline>0</outline>
            </PolyStyle>
        </Style>
        <Style id="8012">
            <PolyStyle id="8013">
                <color>fffaf1e8</color>
                <colorMode>normal</colorMode>
                <fill>1</fill>
                <outline>0</outline>
            </PolyStyle>
        </Style>
        <Style id="8018">
            <PolyStyle id="8019">
                <color>fffbf4ec</color>
                <colorMode>normal</colorMode>
                <fill>1</fill>
                <outline>0</outline>
            </PolyStyle>
        </Style>
        <Style id="8024">
            <PolyStyle id="8025">
                <color>fffcf5ee</color>
                <colorMode>normal</colorMode>
                <fill>1</fill>
                <outline>0</outline>
            </PolyStyle>
        </Style>
        <Style id="8030">
            <PolyStyle id="8031">
                <color>fffffbf7</color>
                <colorMode>normal</colorMode>
                <fill>1</fill>
                <outline>0</outline>
            </PolyStyle>
        </Style>
        <Style id="8036">
            <PolyStyle id="8037">
                <color>fffffbf7</color>
                <colorMode>normal</colorMode>
                <fill>1</fill>
                <outline>0</outline>
            </PolyStyle>
        </Style>
        <Style id="8042">
            <PolyStyle id="8043">
                <color>fffdf8f3</color>
                <colorMode>normal</colorMode>
                <fill>1</fill>
                <outline>0</outline>
            </PolyStyle>
        </Style>
        <Style id="8048">
            <PolyStyle id="8049">
                <color>fff6e9dc</color>
                <colorMode>normal</colorMode>
                <fill>1</fill>
                <outline>0</outline>
            </PolyStyle>
        </Style>
        <Style id="8054">
            <PolyStyle id="8055">
                <color>fff7ebde</color>
                <colorMode>normal</colorMode>
                <fill>1</fill>
                <outline>0</outline>
            </PolyStyle>
        </Style>
        <Style id="8060">
            <PolyStyle id="8061">
                <color>fff8eee3</color>
                <colorMode>normal</colorMode>
                <fill>1</fill>
                <outline>0</outline>
            </PolyStyle>
        </Style>
        <Style id="8066">
            <PolyStyle id="8067">
                <color>fffcf5ee</color>
                <colorMode>normal</colorMode>
                <fill>1</fill>
                <outline>0</outline>
            </PolyStyle>
        </Style>
        <Style id="8072">
            <PolyStyle id="8073">
                <color>fffdf7f1</color>
                <colorMode>normal</colorMode>
                <fill>1</fill>
                <outline>0</outline>
            </PolyStyle>
        </Style>
        <Style id="8078">
            <PolyStyle id="8079">
                <color>fffdf7f1</color>
                <colorMode>normal</colorMode>
                <fill>1</fill>
                <outline>0</outline>
            </PolyStyle>
        </Style>
        <Style id="8084">
            <PolyStyle id="8085">
                <color>fffbf4ed</color>
                <colorMode>normal</colorMode>
                <fill>1</fill>
                <outline>0</outline>
            </PolyStyle>
        </Style>
        <Style id="8090">
            <PolyStyle id="8091">
                <color>fff5e7d8</color>
                <colorMode>normal</colorMode>
                <fill>1</fill>
                <outline>0</outline>
            </PolyStyle>
        </Style>
        <Style id="8096">
            <PolyStyle id="8097">
                <color>fff8ede1</color>
                <colorMode>normal</colorMode>
                <fill>1</fill>
                <outline>0</outline>
            </PolyStyle>
        </Style>
        <Style id="8102">
            <PolyStyle id="8103">
                <color>fff1e0ce</color>
                <colorMode>normal</colorMode>
                <fill>1</fill>
                <outline>0</outline>
            </PolyStyle>
        </Style>
        <Style id="8108">
            <PolyStyle id="8109">
                <color>fffbf3eb</color>
                <colorMode>normal</colorMode>
                <fill>1</fill>
                <outline>0</outline>
            </PolyStyle>
        </Style>
        <Style id="8114">
            <PolyStyle id="8115">
                <color>fffffbf7</color>
                <colorMode>normal</colorMode>
                <fill>1</fill>
                <outline>0</outline>
            </PolyStyle>
        </Style>
        <Style id="8120">
            <PolyStyle id="8121">
                <color>fffcf6f0</color>
                <colorMode>normal</colorMode>
                <fill>1</fill>
                <outline>0</outline>
            </PolyStyle>
        </Style>
        <Style id="8126">
            <PolyStyle id="8127">
                <color>fffaf2ea</color>
                <colorMode>normal</colorMode>
                <fill>1</fill>
                <outline>0</outline>
            </PolyStyle>
        </Style>
        <Style id="8132">
            <PolyStyle id="8133">
                <color>fffaf2ea</color>
                <colorMode>normal</colorMode>
                <fill>1</fill>
                <outline>0</outline>
            </PolyStyle>
        </Style>
        <Style id="8138">
            <PolyStyle id="8139">
                <color>fffaf1e8</color>
                <colorMode>normal</colorMode>
                <fill>1</fill>
                <outline>0</outline>
            </PolyStyle>
        </Style>
        <Style id="8144">
            <PolyStyle id="8145">
                <color>fffcf6f0</color>
                <colorMode>normal</colorMode>
                <fill>1</fill>
                <outline>0</outline>
            </PolyStyle>
        </Style>
        <Style id="8150">
            <PolyStyle id="8151">
                <color>fffcf6f0</color>
                <colorMode>normal</colorMode>
                <fill>1</fill>
                <outline>0</outline>
            </PolyStyle>
        </Style>
        <Style id="8156">
            <PolyStyle id="8157">
                <color>fffcf6f0</color>
                <colorMode>normal</colorMode>
                <fill>1</fill>
                <outline>0</outline>
            </PolyStyle>
        </Style>
        <Style id="8162">
            <PolyStyle id="8163">
                <color>fffef9f4</color>
                <colorMode>normal</colorMode>
                <fill>1</fill>
                <outline>0</outline>
            </PolyStyle>
        </Style>
        <Style id="8168">
            <PolyStyle id="8169">
                <color>fffffbf7</color>
                <colorMode>normal</colorMode>
                <fill>1</fill>
                <outline>0</outline>
            </PolyStyle>
        </Style>
        <Style id="8174">
            <PolyStyle id="8175">
                <color>fffdf8f3</color>
                <colorMode>normal</colorMode>
                <fill>1</fill>
                <outline>0</outline>
            </PolyStyle>
        </Style>
        <Style id="8180">
            <PolyStyle id="8181">
                <color>fffef9f5</color>
                <colorMode>normal</colorMode>
                <fill>1</fill>
                <outline>0</outline>
            </PolyStyle>
        </Style>
        <Style id="8186">
            <PolyStyle id="8187">
                <color>fff7ebdf</color>
                <colorMode>normal</colorMode>
                <fill>1</fill>
                <outline>0</outline>
            </PolyStyle>
        </Style>
        <Style id="8192">
            <PolyStyle id="8193">
                <color>fffbf4ed</color>
                <colorMode>normal</colorMode>
                <fill>1</fill>
                <outline>0</outline>
            </PolyStyle>
        </Style>
        <Style id="8198">
            <PolyStyle id="8199">
                <color>fffaf2e9</color>
                <colorMode>normal</colorMode>
                <fill>1</fill>
                <outline>0</outline>
            </PolyStyle>
        </Style>
        <Style id="8204">
            <PolyStyle id="8205">
                <color>fff7ebde</color>
                <colorMode>normal</colorMode>
                <fill>1</fill>
                <outline>0</outline>
            </PolyStyle>
        </Style>
        <Style id="8210">
            <PolyStyle id="8211">
                <color>fff7ebdf</color>
                <colorMode>normal</colorMode>
                <fill>1</fill>
                <outline>0</outline>
            </PolyStyle>
        </Style>
        <Style id="8216">
            <PolyStyle id="8217">
                <color>fffbf3eb</color>
                <colorMode>normal</colorMode>
                <fill>1</fill>
                <outline>0</outline>
            </PolyStyle>
        </Style>
        <Style id="8222">
            <PolyStyle id="8223">
                <color>fffffbf7</color>
                <colorMode>normal</colorMode>
                <fill>1</fill>
                <outline>0</outline>
            </PolyStyle>
        </Style>
        <Style id="8228">
            <PolyStyle id="8229">
                <color>fffdf7f2</color>
                <colorMode>normal</colorMode>
                <fill>1</fill>
                <outline>0</outline>
            </PolyStyle>
        </Style>
        <Style id="8234">
            <PolyStyle id="8235">
                <color>fffdf7f1</color>
                <colorMode>normal</colorMode>
                <fill>1</fill>
                <outline>0</outline>
            </PolyStyle>
        </Style>
        <Style id="8240">
            <PolyStyle id="8241">
                <color>fffaf2ea</color>
                <colorMode>normal</colorMode>
                <fill>1</fill>
                <outline>0</outline>
            </PolyStyle>
        </Style>
        <Style id="8246">
            <PolyStyle id="8247">
                <color>fffffbf7</color>
                <colorMode>normal</colorMode>
                <fill>1</fill>
                <outline>0</outline>
            </PolyStyle>
        </Style>
        <Style id="8252">
            <PolyStyle id="8253">
                <color>fffdf7f1</color>
                <colorMode>normal</colorMode>
                <fill>1</fill>
                <outline>0</outline>
            </PolyStyle>
        </Style>
        <Style id="8258">
            <PolyStyle id="8259">
                <color>fffaf2e9</color>
                <colorMode>normal</colorMode>
                <fill>1</fill>
                <outline>0</outline>
            </PolyStyle>
        </Style>
        <Style id="8264">
            <PolyStyle id="8265">
                <color>fffdf8f3</color>
                <colorMode>normal</colorMode>
                <fill>1</fill>
                <outline>0</outline>
            </PolyStyle>
        </Style>
        <Style id="8270">
            <PolyStyle id="8271">
                <color>fffbf4ec</color>
                <colorMode>normal</colorMode>
                <fill>1</fill>
                <outline>0</outline>
            </PolyStyle>
        </Style>
        <Style id="8276">
            <PolyStyle id="8277">
                <color>fffaf1e8</color>
                <colorMode>normal</colorMode>
                <fill>1</fill>
                <outline>0</outline>
            </PolyStyle>
        </Style>
        <Style id="8282">
            <PolyStyle id="8283">
                <color>fffaf1e8</color>
                <colorMode>normal</colorMode>
                <fill>1</fill>
                <outline>0</outline>
            </PolyStyle>
        </Style>
        <Style id="8288">
            <PolyStyle id="8289">
                <color>fff8ede1</color>
                <colorMode>normal</colorMode>
                <fill>1</fill>
                <outline>0</outline>
            </PolyStyle>
        </Style>
        <Style id="8294">
            <PolyStyle id="8295">
                <color>fffdf7f1</color>
                <colorMode>normal</colorMode>
                <fill>1</fill>
                <outline>0</outline>
            </PolyStyle>
        </Style>
        <Style id="8300">
            <PolyStyle id="8301">
                <color>fffffbf7</color>
                <colorMode>normal</colorMode>
                <fill>1</fill>
                <outline>0</outline>
            </PolyStyle>
        </Style>
        <Style id="8306">
            <PolyStyle id="8307">
                <color>fffcf6ef</color>
                <colorMode>normal</colorMode>
                <fill>1</fill>
                <outline>0</outline>
            </PolyStyle>
        </Style>
        <Style id="8312">
            <PolyStyle id="8313">
                <color>fffbf4ec</color>
                <colorMode>normal</colorMode>
                <fill>1</fill>
                <outline>0</outline>
            </PolyStyle>
        </Style>
        <Style id="8318">
            <PolyStyle id="8319">
                <color>fffcf6ef</color>
                <colorMode>normal</colorMode>
                <fill>1</fill>
                <outline>0</outline>
            </PolyStyle>
        </Style>
        <Style id="8324">
            <PolyStyle id="8325">
                <color>fffcf6f0</color>
                <colorMode>normal</colorMode>
                <fill>1</fill>
                <outline>0</outline>
            </PolyStyle>
        </Style>
        <Style id="8330">
            <PolyStyle id="8331">
                <color>fff8ede1</color>
                <colorMode>normal</colorMode>
                <fill>1</fill>
                <outline>0</outline>
            </PolyStyle>
        </Style>
        <Style id="8336">
            <PolyStyle id="8337">
                <color>fffbf4ec</color>
                <colorMode>normal</colorMode>
                <fill>1</fill>
                <outline>0</outline>
            </PolyStyle>
        </Style>
        <Style id="8342">
            <PolyStyle id="8343">
                <color>fffffbf7</color>
                <colorMode>normal</colorMode>
                <fill>1</fill>
                <outline>0</outline>
            </PolyStyle>
        </Style>
        <Style id="8348">
            <PolyStyle id="8349">
                <color>fff8eee3</color>
                <colorMode>normal</colorMode>
                <fill>1</fill>
                <outline>0</outline>
            </PolyStyle>
        </Style>
        <Style id="8354">
            <PolyStyle id="8355">
                <color>fffdf7f2</color>
                <colorMode>normal</colorMode>
                <fill>1</fill>
                <outline>0</outline>
            </PolyStyle>
        </Style>
        <Style id="8360">
            <PolyStyle id="8361">
                <color>fff8ede2</color>
                <colorMode>normal</colorMode>
                <fill>1</fill>
                <outline>0</outline>
            </PolyStyle>
        </Style>
        <Style id="8366">
            <PolyStyle id="8367">
                <color>fffbf4ec</color>
                <colorMode>normal</colorMode>
                <fill>1</fill>
                <outline>0</outline>
            </PolyStyle>
        </Style>
        <Style id="8372">
            <PolyStyle id="8373">
                <color>fffdf7f1</color>
                <colorMode>normal</colorMode>
                <fill>1</fill>
                <outline>0</outline>
            </PolyStyle>
        </Style>
        <Style id="8378">
            <PolyStyle id="8379">
                <color>fffdf7f1</color>
                <colorMode>normal</colorMode>
                <fill>1</fill>
                <outline>0</outline>
            </PolyStyle>
        </Style>
        <Style id="8384">
            <PolyStyle id="8385">
                <color>fffdf8f3</color>
                <colorMode>normal</colorMode>
                <fill>1</fill>
                <outline>0</outline>
            </PolyStyle>
        </Style>
        <Style id="8390">
            <PolyStyle id="8391">
                <color>fffffbf7</color>
                <colorMode>normal</colorMode>
                <fill>1</fill>
                <outline>0</outline>
            </PolyStyle>
        </Style>
        <Style id="8396">
            <PolyStyle id="8397">
                <color>fffbf4ed</color>
                <colorMode>normal</colorMode>
                <fill>1</fill>
                <outline>0</outline>
            </PolyStyle>
        </Style>
        <Style id="8402">
            <PolyStyle id="8403">
                <color>fffbf3eb</color>
                <colorMode>normal</colorMode>
                <fill>1</fill>
                <outline>0</outline>
            </PolyStyle>
        </Style>
        <Style id="8408">
            <PolyStyle id="8409">
                <color>fffdf8f3</color>
                <colorMode>normal</colorMode>
                <fill>1</fill>
                <outline>0</outline>
            </PolyStyle>
        </Style>
        <Style id="8414">
            <PolyStyle id="8415">
                <color>fff9f0e6</color>
                <colorMode>normal</colorMode>
                <fill>1</fill>
                <outline>0</outline>
            </PolyStyle>
        </Style>
        <Style id="8420">
            <PolyStyle id="8421">
                <color>fff8ede1</color>
                <colorMode>normal</colorMode>
                <fill>1</fill>
                <outline>0</outline>
            </PolyStyle>
        </Style>
        <Style id="8426">
            <PolyStyle id="8427">
                <color>fffdf7f2</color>
                <colorMode>normal</colorMode>
                <fill>1</fill>
                <outline>0</outline>
            </PolyStyle>
        </Style>
        <Style id="8432">
            <PolyStyle id="8433">
                <color>fffcf6ef</color>
                <colorMode>normal</colorMode>
                <fill>1</fill>
                <outline>0</outline>
            </PolyStyle>
        </Style>
        <Style id="8438">
            <PolyStyle id="8439">
                <color>fffbf4ec</color>
                <colorMode>normal</colorMode>
                <fill>1</fill>
                <outline>0</outline>
            </PolyStyle>
        </Style>
        <Style id="8444">
            <PolyStyle id="8445">
                <color>fffffbf7</color>
                <colorMode>normal</colorMode>
                <fill>1</fill>
                <outline>0</outline>
            </PolyStyle>
        </Style>
        <Style id="8450">
            <PolyStyle id="8451">
                <color>fffffbf7</color>
                <colorMode>normal</colorMode>
                <fill>1</fill>
                <outline>0</outline>
            </PolyStyle>
        </Style>
        <Style id="8456">
            <PolyStyle id="8457">
                <color>fffcf5ef</color>
                <colorMode>normal</colorMode>
                <fill>1</fill>
                <outline>0</outline>
            </PolyStyle>
        </Style>
        <Style id="8462">
            <PolyStyle id="8463">
                <color>fff8ede2</color>
                <colorMode>normal</colorMode>
                <fill>1</fill>
                <outline>0</outline>
            </PolyStyle>
        </Style>
        <Style id="8468">
            <PolyStyle id="8469">
                <color>fffffbf7</color>
                <colorMode>normal</colorMode>
                <fill>1</fill>
                <outline>0</outline>
            </PolyStyle>
        </Style>
        <Style id="8474">
            <PolyStyle id="8475">
                <color>fff8eee4</color>
                <colorMode>normal</colorMode>
                <fill>1</fill>
                <outline>0</outline>
            </PolyStyle>
        </Style>
        <Style id="8480">
            <PolyStyle id="8481">
                <color>fffcf6ef</color>
                <colorMode>normal</colorMode>
                <fill>1</fill>
                <outline>0</outline>
            </PolyStyle>
        </Style>
        <Style id="8486">
            <PolyStyle id="8487">
                <color>fffcf5ef</color>
                <colorMode>normal</colorMode>
                <fill>1</fill>
                <outline>0</outline>
            </PolyStyle>
        </Style>
        <Style id="8492">
            <PolyStyle id="8493">
                <color>fffffbf7</color>
                <colorMode>normal</colorMode>
                <fill>1</fill>
                <outline>0</outline>
            </PolyStyle>
        </Style>
        <Style id="8498">
            <PolyStyle id="8499">
                <color>fffffbf7</color>
                <colorMode>normal</colorMode>
                <fill>1</fill>
                <outline>0</outline>
            </PolyStyle>
        </Style>
        <Style id="8504">
            <PolyStyle id="8505">
                <color>fffffbf7</color>
                <colorMode>normal</colorMode>
                <fill>1</fill>
                <outline>0</outline>
            </PolyStyle>
        </Style>
        <Style id="8510">
            <PolyStyle id="8511">
                <color>fffffbf7</color>
                <colorMode>normal</colorMode>
                <fill>1</fill>
                <outline>0</outline>
            </PolyStyle>
        </Style>
        <Style id="8516">
            <PolyStyle id="8517">
                <color>fffffbf7</color>
                <colorMode>normal</colorMode>
                <fill>1</fill>
                <outline>0</outline>
            </PolyStyle>
        </Style>
        <Style id="8522">
            <PolyStyle id="8523">
                <color>fff7ece0</color>
                <colorMode>normal</colorMode>
                <fill>1</fill>
                <outline>0</outline>
            </PolyStyle>
        </Style>
        <Style id="8528">
            <PolyStyle id="8529">
                <color>fff7ece1</color>
                <colorMode>normal</colorMode>
                <fill>1</fill>
                <outline>0</outline>
            </PolyStyle>
        </Style>
        <Style id="8534">
            <PolyStyle id="8535">
                <color>fffaf1e8</color>
                <colorMode>normal</colorMode>
                <fill>1</fill>
                <outline>0</outline>
            </PolyStyle>
        </Style>
        <Style id="8540">
            <PolyStyle id="8541">
                <color>fff9f0e7</color>
                <colorMode>normal</colorMode>
                <fill>1</fill>
                <outline>0</outline>
            </PolyStyle>
        </Style>
        <Style id="8546">
            <PolyStyle id="8547">
                <color>fff7ebde</color>
                <colorMode>normal</colorMode>
                <fill>1</fill>
                <outline>0</outline>
            </PolyStyle>
        </Style>
        <Style id="8552">
            <PolyStyle id="8553">
                <color>fff9f0e7</color>
                <colorMode>normal</colorMode>
                <fill>1</fill>
                <outline>0</outline>
            </PolyStyle>
        </Style>
        <Style id="8558">
            <PolyStyle id="8559">
                <color>fffaf1e8</color>
                <colorMode>normal</colorMode>
                <fill>1</fill>
                <outline>0</outline>
            </PolyStyle>
        </Style>
        <Style id="8564">
            <PolyStyle id="8565">
                <color>fff8eee3</color>
                <colorMode>normal</colorMode>
                <fill>1</fill>
                <outline>0</outline>
            </PolyStyle>
        </Style>
        <Style id="8570">
            <PolyStyle id="8571">
                <color>fff7ebde</color>
                <colorMode>normal</colorMode>
                <fill>1</fill>
                <outline>0</outline>
            </PolyStyle>
        </Style>
        <Style id="8576">
            <PolyStyle id="8577">
                <color>fff7ebde</color>
                <colorMode>normal</colorMode>
                <fill>1</fill>
                <outline>0</outline>
            </PolyStyle>
        </Style>
        <Style id="8582">
            <PolyStyle id="8583">
                <color>ffefdbc6</color>
                <colorMode>normal</colorMode>
                <fill>1</fill>
                <outline>0</outline>
            </PolyStyle>
        </Style>
        <Placemark id="7673">
            <styleUrl>#7676</styleUrl>
            <Polygon id="7672">
                <outerBoundaryIs>
                    <LinearRing id="7674">
                        <coordinates>12.37185929648241,54.99673242838388,0.0 12.37185929648241,55.01436030211085,0.0 12.409547738693465,55.01436030211085,0.0 12.409547738693465,54.99673242838388,0.0 12.37185929648241,54.99673242838388,0.0</coordinates>
                    </LinearRing>
                </outerBoundaryIs>
            </Polygon>
        </Placemark>
        <Placemark id="7679">
            <styleUrl>#7682</styleUrl>
            <Polygon id="7678">
                <outerBoundaryIs>
                    <LinearRing id="7680">
                        <coordinates>12.108040201005023,55.01436030211085,0.0 12.108040201005023,55.03198042959245,0.0 12.14572864321608,55.03198042959245,0.0 12.14572864321608,55.01436030211085,0.0 12.108040201005023,55.01436030211085,0.0</coordinates>
                    </LinearRing>
                </outerBoundaryIs>
            </Polygon>
        </Placemark>
        <Placemark id="7685">
            <styleUrl>#7688</styleUrl>
            <Polygon id="7684">
                <outerBoundaryIs>
                    <LinearRing id="7686">
                        <coordinates>11.957286432160803,55.08479435195843,0.0 11.957286432160803,55.10238351186278,0.0 11.99497487437186,55.10238351186278,0.0 11.99497487437186,55.08479435195843,0.0 11.957286432160803,55.08479435195843,0.0</coordinates>
                    </LinearRing>
                </outerBoundaryIs>
            </Polygon>
        </Placemark>
        <Placemark id="7691">
            <styleUrl>#7694</styleUrl>
            <Polygon id="7690">
                <outerBoundaryIs>
                    <LinearRing id="7692">
                        <coordinates>12.070351758793969,55.10238351186278,0.0 12.070351758793969,55.119964934234694,0.0 12.108040201005023,55.119964934234694,0.0 12.108040201005023,55.10238351186278,0.0 12.070351758793969,55.10238351186278,0.0</coordinates>
                    </LinearRing>
                </outerBoundaryIs>
            </Polygon>
        </Placemark>
        <Placemark id="7697">
            <styleUrl>#7700</styleUrl>
            <Polygon id="7696">
                <outerBoundaryIs>
                    <LinearRing id="7698">
                        <coordinates>14.89698492462311,55.225291078380735,0.0 14.89698492462311,55.22954474575177,0.0 14.906211944445793,55.225291078380735,0.0 14.89698492462311,55.225291078380735,0.0</coordinates>
                    </LinearRing>
                </outerBoundaryIs>
            </Polygon>
        </Placemark>
        <Placemark id="7703">
            <styleUrl>#7706</styleUrl>
            <Polygon id="7702">
                <outerBoundaryIs>
                    <LinearRing id="7704">
                        <coordinates>10.072864321608039,55.24281838711835,0.0 10.072864321608039,55.260337972375574,0.0 10.110552763819094,55.260337972375574,0.0 10.110552763819094,55.24281838711835,0.0 10.072864321608039,55.24281838711835,0.0</coordinates>
                    </LinearRing>
                </outerBoundaryIs>
            </Polygon>
        </Placemark>
        <Placemark id="7709">
            <styleUrl>#7712</styleUrl>
            <Polygon id="7708">
                <outerBoundaryIs>
                    <LinearRing id="7710">
                        <coordinates>10.072864321608039,55.260337972375574,0.0 10.072864321608039,55.27784983591849,0.0 10.110552763819094,55.27784983591849,0.0 10.110552763819094,55.260337972375574,0.0 10.072864321608039,55.260337972375574,0.0</coordinates>
                    </LinearRing>
                </outerBoundaryIs>
            </Polygon>
        </Placemark>
        <Placemark id="7715">
            <styleUrl>#7718</styleUrl>
            <Polygon id="7714">
                <outerBoundaryIs>
                    <LinearRing id="7716">
                        <coordinates>11.58040201005025,55.33033911395354,0.0 11.58040201005025,55.34782010834188,0.0 11.618090452261304,55.34782010834188,0.0 11.618090452261304,55.33033911395354,0.0 11.58040201005025,55.33033911395354,0.0</coordinates>
                    </LinearRing>
                </outerBoundaryIs>
            </Polygon>
        </Placemark>
        <Placemark id="7721">
            <styleUrl>#7724</styleUrl>
            <Polygon id="7720">
                <outerBoundaryIs>
                    <LinearRing id="7722">
                        <coordinates>11.618090452261304,55.33033911395354,0.0 11.618090452261304,55.34782010834188,0.0 11.65577889447236,55.34782010834188,0.0 11.65577889447236,55.33033911395354,0.0 11.618090452261304,55.33033911395354,0.0</coordinates>
                    </LinearRing>
                </outerBoundaryIs>
            </Polygon>
        </Placemark>
        <Placemark id="7727">
            <styleUrl>#7730</styleUrl>
            <Polygon id="7726">
                <outerBoundaryIs>
                    <LinearRing id="7728">
                        <coordinates>11.58040201005025,55.34782010834188,0.0 11.58040201005025,55.36529338987772,0.0 11.618090452261304,55.36529338987772,0.0 11.618090452261304,55.34782010834188,0.0 11.58040201005025,55.34782010834188,0.0</coordinates>
                    </LinearRing>
                </outerBoundaryIs>
            </Polygon>
        </Placemark>
        <Placemark id="7733">
            <styleUrl>#7736</styleUrl>
            <Polygon id="7732">
                <outerBoundaryIs>
                    <LinearRing id="7734">
                        <coordinates>11.618090452261304,55.34782010834188,0.0 11.618090452261304,55.36529338987772,0.0 11.65577889447236,55.36529338987772,0.0 11.65577889447236,55.34782010834188,0.0 11.618090452261304,55.34782010834188,0.0</coordinates>
                    </LinearRing>
                </outerBoundaryIs>
            </Polygon>
        </Placemark>
        <Placemark id="7739">
            <styleUrl>#7742</styleUrl>
            <Polygon id="7738">
                <outerBoundaryIs>
                    <LinearRing id="7740">
                        <coordinates>9.997487437185928,55.40021682150857,0.0 9.997487437185928,55.41766697516711,0.0 10.035175879396983,55.41766697516711,0.0 10.035175879396983,55.40021682150857,0.0 9.997487437185928,55.40021682150857,0.0</coordinates>
                    </LinearRing>
                </outerBoundaryIs>
            </Polygon>
        </Placemark>
        <Placemark id="7745">
            <styleUrl>#7748</styleUrl>
            <Polygon id="7744">
                <outerBoundaryIs>
                    <LinearRing id="7746">
                        <coordinates>9.997487437185928,55.41766697516711,0.0 9.997487437185928,55.43510942310017,0.0 10.035175879396983,55.43510942310017,0.0 10.035175879396983,55.41766697516711,0.0 9.997487437185928,55.41766697516711,0.0</coordinates>
                    </LinearRing>
                </outerBoundaryIs>
            </Polygon>
        </Placemark>
        <Placemark id="7751">
            <styleUrl>#7754</styleUrl>
            <Polygon id="7750">
                <outerBoundaryIs>
                    <LinearRing id="7752">
                        <coordinates>9.997487437185928,55.46997120893976,0.0 9.997487437185928,55.48739055042635,0.0 10.035175879396983,55.48739055042635,0.0 10.035175879396983,55.46997120893976,0.0 9.997487437185928,55.46997120893976,0.0</coordinates>
                    </LinearRing>
                </outerBoundaryIs>
            </Polygon>
        </Placemark>
        <Placemark id="7757">
            <styleUrl>#7760</styleUrl>
            <Polygon id="7756">
                <outerBoundaryIs>
                    <LinearRing id="7758">
                        <coordinates>12.37185929648241,55.609110481676325,0.0 12.37185929648241,55.6264682850196,0.0 12.409547738693465,55.6264682850196,0.0 12.409547738693465,55.61909926146125,0.0 12.403575066000087,55.61920807500007,0.0 12.372914451757795,55.609110481676325,0.0 12.37185929648241,55.609110481676325,0.0</coordinates>
                    </LinearRing>
                </outerBoundaryIs>
            </Polygon>
        </Placemark>
        <Placemark id="7763">
            <styleUrl>#7766</styleUrl>
            <Polygon id="7762">
                <outerBoundaryIs>
                    <LinearRing id="7764">
                        <coordinates>12.183417085427134,55.6264682850196,0.0 12.183417085427134,55.64381840421604,0.0 12.221105527638189,55.64381840421604,0.0 12.221105527638189,55.6264682850196,0.0 12.183417085427134,55.6264682850196,0.0</coordinates>
                    </LinearRing>
                </outerBoundaryIs>
            </Polygon>
        </Placemark>
        <Placemark id="7769">
            <styleUrl>#7772</styleUrl>
            <Polygon id="7768">
                <outerBoundaryIs>
                    <LinearRing id="7770">
                        <coordinates>12.221105527638189,55.6264682850196,0.0 12.221105527638189,55.64381840421604,0.0 12.258793969849245,55.64381840421604,0.0 12.258793969849245,55.6264682850196,0.0 12.221105527638189,55.6264682850196,0.0</coordinates>
                    </LinearRing>
                </outerBoundaryIs>
            </Polygon>
        </Placemark>
        <Placemark id="7775">
            <styleUrl>#7778</styleUrl>
            <Polygon id="7774">
                <outerBoundaryIs>
                    <LinearRing id="7776">
                        <coordinates>12.44723618090452,55.661160841077105,0.0 12.44723618090452,55.67849559741622,0.0 12.484924623115576,55.67849559741622,0.0 12.484924623115576,55.661160841077105,0.0 12.44723618090452,55.661160841077105,0.0</coordinates>
                    </LinearRing>
                </outerBoundaryIs>
            </Polygon>
        </Placemark>
        <Placemark id="7781">
            <styleUrl>#7784</styleUrl>
            <Polygon id="7780">
                <outerBoundaryIs>
                    <LinearRing id="7782">
                        <coordinates>12.409547738693465,55.67849559741622,0.0 12.409547738693465,55.69582267504886,0.0 12.44723618090452,55.69582267504886,0.0 12.44723618090452,55.67849559741622,0.0 12.409547738693465,55.67849559741622,0.0</coordinates>
                    </LinearRing>
                </outerBoundaryIs>
            </Polygon>
        </Placemark>
        <Placemark id="7787">
            <styleUrl>#7790</styleUrl>
            <Polygon id="7786">
                <outerBoundaryIs>
                    <LinearRing id="7788">
                        <coordinates>12.484924623115576,55.67849559741622,0.0 12.484924623115576,55.69582267504886,0.0 12.522613065326631,55.69582267504886,0.0 12.522613065326631,55.67849559741622,0.0 12.484924623115576,55.67849559741622,0.0</coordinates>
                    </LinearRing>
                </outerBoundaryIs>
            </Polygon>
        </Placemark>
        <Placemark id="7793">
            <styleUrl>#7796</styleUrl>
            <Polygon id="7792">
                <outerBoundaryIs>
                    <LinearRing id="7794">
                        <coordinates>12.597989949748742,55.67849559741622,0.0 12.586322609542027,55.67849559741622,0.0 12.595062696000069,55.691351630000035,0.0 12.597989949748742,55.69349373188292,0.0 12.597989949748742,55.67849559741622,0.0</coordinates>
                    </LinearRing>
                </outerBoundaryIs>
            </Polygon>
        </Placemark>
        <Placemark id="7799">
            <styleUrl>#7802</styleUrl>
            <Polygon id="7798">
                <outerBoundaryIs>
                    <LinearRing id="7800">
                        <coordinates>12.560301507537686,55.67849559741622,0.0 12.560301507537686,55.69582267504886,0.0 12.584968195403821,55.69582267504886,0.0 12.581228061000047,55.693060614000046,0.0 12.567972365803051,55.67849559741622,0.0 12.560301507537686,55.67849559741622,0.0</coordinates>
                    </LinearRing>
                </outerBoundaryIs>
            </Polygon>
        </Placemark>
        <Placemark id="7805">
            <styleUrl>#7808</styleUrl>
            <Polygon id="7804">
                <outerBoundaryIs>
                    <LinearRing id="7806">
                        <coordinates>12.612082872357492,55.69582267504886,0.0 12.612559441000085,55.69513580900008,0.0 12.614105665000068,55.69245026200008,0.0 12.615733269000089,55.68813711100007,0.0 12.622521897070806,55.67849559741622,0.0 12.597989949748742,55.67849559741622,0.0 12.597989949748742,55.69349373188292,0.0 12.601172710345066,55.69582267504886,0.0 12.612082872357492,55.69582267504886,0.0</coordinates>
                    </LinearRing>
                </outerBoundaryIs>
            </Polygon>
        </Placemark>
        <Placemark id="7811">
            <styleUrl>#7814</styleUrl>
            <Polygon id="7810">
                <outerBoundaryIs>
                    <LinearRing id="7812">
                        <coordinates>12.484924623115576,55.69582267504886,0.0 12.484924623115576,55.71314207579251,0.0 12.522613065326631,55.71314207579251,0.0 12.522613065326631,55.69582267504886,0.0 12.484924623115576,55.69582267504886,0.0</coordinates>
                    </LinearRing>
                </outerBoundaryIs>
            </Polygon>
        </Placemark>
        <Placemark id="7817">
            <styleUrl>#7820</styleUrl>
            <Polygon id="7816">
                <outerBoundaryIs>
                    <LinearRing id="7818">
                        <coordinates>12.560301507537686,55.69582267504886,0.0 12.560301507537686,55.71314207579251,0.0 12.597989949748742,55.71314207579251,0.0 12.597989949748742,55.70543761999128,0.0 12.584968195403821,55.69582267504886,0.0 12.560301507537686,55.69582267504886,0.0</coordinates>
                    </LinearRing>
                </outerBoundaryIs>
            </Polygon>
        </Placemark>
        <Placemark id="7823">
            <styleUrl>#7826</styleUrl>
            <Polygon id="7822">
                <outerBoundaryIs>
                    <LinearRing id="7824">
                        <coordinates>9.733668341708542,55.71314207579251,0.0 9.733668341708542,55.730453801466595,0.0 9.771356783919597,55.730453801466595,0.0 9.771356783919597,55.71314207579251,0.0 9.733668341708542,55.71314207579251,0.0</coordinates>
                    </LinearRing>
                </outerBoundaryIs>
            </Polygon>
        </Placemark>
        <Placemark id="7829">
            <styleUrl>#7832</styleUrl>
            <Polygon id="7828">
                <outerBoundaryIs>
                    <LinearRing id="7830">
                        <coordinates>12.44723618090452,55.71314207579251,0.0 12.44723618090452,55.730453801466595,0.0 12.484924623115576,55.730453801466595,0.0 12.484924623115576,55.71314207579251,0.0 12.44723618090452,55.71314207579251,0.0</coordinates>
                    </LinearRing>
                </outerBoundaryIs>
            </Polygon>
        </Placemark>
        <Placemark id="7835">
            <styleUrl>#7838</styleUrl>
            <Polygon id="7834">
                <outerBoundaryIs>
                    <LinearRing id="7836">
                        <coordinates>12.484924623115576,55.71314207579251,0.0 12.484924623115576,55.730453801466595,0.0 12.522613065326631,55.730453801466595,0.0 12.522613065326631,55.71314207579251,0.0 12.484924623115576,55.71314207579251,0.0</coordinates>
                    </LinearRing>
                </outerBoundaryIs>
            </Polygon>
        </Placemark>
        <Placemark id="7841">
            <styleUrl>#7844</styleUrl>
            <Polygon id="7840">
                <outerBoundaryIs>
                    <LinearRing id="7842">
                        <coordinates>12.522613065326631,55.71314207579251,0.0 12.522613065326631,55.730453801466595,0.0 12.560301507537686,55.730453801466595,0.0 12.560301507537686,55.71314207579251,0.0 12.522613065326631,55.71314207579251,0.0</coordinates>
                    </LinearRing>
                </outerBoundaryIs>
            </Polygon>
        </Placemark>
        <Placemark id="7847">
            <styleUrl>#7850</styleUrl>
            <Polygon id="7846">
                <outerBoundaryIs>
                    <LinearRing id="7848">
                        <coordinates>12.484924623115576,55.730453801466595,0.0 12.484924623115576,55.74775785389262,0.0 12.522613065326631,55.74775785389262,0.0 12.522613065326631,55.730453801466595,0.0 12.484924623115576,55.730453801466595,0.0</coordinates>
                    </LinearRing>
                </outerBoundaryIs>
            </Polygon>
        </Placemark>
        <Placemark id="7853">
            <styleUrl>#7856</styleUrl>
            <Polygon id="7852">
                <outerBoundaryIs>
                    <LinearRing id="7854">
                        <coordinates>12.37185929648241,55.74775785389262,0.0 12.37185929648241,55.76505423489403,0.0 12.409547738693465,55.76505423489403,0.0 12.409547738693465,55.74775785389262,0.0 12.37185929648241,55.74775785389262,0.0</coordinates>
                    </LinearRing>
                </outerBoundaryIs>
            </Polygon>
        </Placemark>
        <Placemark id="7859">
            <styleUrl>#7862</styleUrl>
            <Polygon id="7858">
                <outerBoundaryIs>
                    <LinearRing id="7860">
                        <coordinates>12.409547738693465,55.74775785389262,0.0 12.409547738693465,55.76505423489403,0.0 12.44723618090452,55.76505423489403,0.0 12.44723618090452,55.74775785389262,0.0 12.409547738693465,55.74775785389262,0.0</coordinates>
                    </LinearRing>
                </outerBoundaryIs>
            </Polygon>
        </Placemark>
        <Placemark id="7865">
            <styleUrl>#7868</styleUrl>
            <Polygon id="7864">
                <outerBoundaryIs>
                    <LinearRing id="7866">
                        <coordinates>12.14572864321608,55.76505423489403,0.0 12.14572864321608,55.78234294629626,0.0 12.183417085427134,55.78234294629626,0.0 12.183417085427134,55.76505423489403,0.0 12.14572864321608,55.76505423489403,0.0</coordinates>
                    </LinearRing>
                </outerBoundaryIs>
            </Polygon>
        </Placemark>
        <Placemark id="7871">
            <styleUrl>#7874</styleUrl>
            <Polygon id="7870">
                <outerBoundaryIs>
                    <LinearRing id="7872">
                        <coordinates>12.560301507537686,55.76505423489403,0.0 12.560301507537686,55.78234294629626,0.0 12.59716144202344,55.78234294629626,0.0 12.595876498000052,55.77423737200007,0.0 12.595383839749964,55.76505423489403,0.0 12.560301507537686,55.76505423489403,0.0</coordinates>
                    </LinearRing>
                </outerBoundaryIs>
            </Polygon>
        </Placemark>
        <Placemark id="7877">
            <styleUrl>#7880</styleUrl>
            <Polygon id="7876">
                <outerBoundaryIs>
                    <LinearRing id="7878">
                        <coordinates>11.467336683417084,55.78234294629626,0.0 11.467336683417084,55.79962398992676,0.0 11.505025125628139,55.79962398992676,0.0 11.505025125628139,55.78234294629626,0.0 11.467336683417084,55.78234294629626,0.0</coordinates>
                    </LinearRing>
                </outerBoundaryIs>
            </Polygon>
        </Placemark>
        <Placemark id="7883">
            <styleUrl>#7886</styleUrl>
            <Polygon id="7882">
                <outerBoundaryIs>
                    <LinearRing id="7884">
                        <coordinates>12.108040201005023,55.78234294629626,0.0 12.108040201005023,55.79962398992676,0.0 12.14572864321608,55.79962398992676,0.0 12.14572864321608,55.78234294629626,0.0 12.108040201005023,55.78234294629626,0.0</coordinates>
                    </LinearRing>
                </outerBoundaryIs>
            </Polygon>
        </Placemark>
        <Placemark id="7889">
            <styleUrl>#7892</styleUrl>
            <Polygon id="7888">
                <outerBoundaryIs>
                    <LinearRing id="7890">
                        <coordinates>12.14572864321608,55.78234294629626,0.0 12.14572864321608,55.79962398992676,0.0 12.183417085427134,55.79962398992676,0.0 12.183417085427134,55.78234294629626,0.0 12.14572864321608,55.78234294629626,0.0</coordinates>
                    </LinearRing>
                </outerBoundaryIs>
            </Polygon>
        </Placemark>
        <Placemark id="7895">
            <styleUrl>#7898</styleUrl>
            <Polygon id="7894">
                <outerBoundaryIs>
                    <LinearRing id="7896">
                        <coordinates>12.522613065326631,55.78234294629626,0.0 12.522613065326631,55.79962398992676,0.0 12.560301507537686,55.79962398992676,0.0 12.560301507537686,55.78234294629626,0.0 12.522613065326631,55.78234294629626,0.0</coordinates>
                    </LinearRing>
                </outerBoundaryIs>
            </Polygon>
        </Placemark>
        <Placemark id="7901">
            <styleUrl>#7904</styleUrl>
            <Polygon id="7900">
                <outerBoundaryIs>
                    <LinearRing id="7902">
                        <coordinates>12.108040201005023,55.79962398992676,0.0 12.108040201005023,55.81689736761493,0.0 12.14572864321608,55.81689736761493,0.0 12.14572864321608,55.79962398992676,0.0 12.108040201005023,55.79962398992676,0.0</coordinates>
                    </LinearRing>
                </outerBoundaryIs>
            </Polygon>
        </Placemark>
        <Placemark id="7907">
            <styleUrl>#7910</styleUrl>
            <Polygon id="7906">
                <outerBoundaryIs>
                    <LinearRing id="7908">
                        <coordinates>12.14572864321608,55.79962398992676,0.0 12.14572864321608,55.81689736761493,0.0 12.183417085427134,55.81689736761493,0.0 12.183417085427134,55.79962398992676,0.0 12.14572864321608,55.79962398992676,0.0</coordinates>
                    </LinearRing>
                </outerBoundaryIs>
            </Polygon>
        </Placemark>
        <Placemark id="7913">
            <styleUrl>#7916</styleUrl>
            <Polygon id="7912">
                <outerBoundaryIs>
                    <LinearRing id="7914">
                        <coordinates>12.522613065326631,55.79962398992676,0.0 12.522613065326631,55.81689736761493,0.0 12.560301507537686,55.81689736761493,0.0 12.560301507537686,55.79962398992676,0.0 12.522613065326631,55.79962398992676,0.0</coordinates>
                    </LinearRing>
                </outerBoundaryIs>
            </Polygon>
        </Placemark>
        <Placemark id="7919">
            <styleUrl>#7922</styleUrl>
            <Polygon id="7918">
                <outerBoundaryIs>
                    <LinearRing id="7920">
                        <coordinates>12.597989949748742,55.79962398992676,0.0 12.560301507537686,55.79962398992676,0.0 12.560301507537686,55.81689736761493,0.0 12.584539697771476,55.81689736761493,0.0 12.589691602000073,55.809475002000056,0.0 12.597989949748742,55.80144650416516,0.0 12.597989949748742,55.79962398992676,0.0</coordinates>
                    </LinearRing>
                </outerBoundaryIs>
            </Polygon>
        </Placemark>
        <Placemark id="7925">
            <styleUrl>#7928</styleUrl>
            <Polygon id="7924">
                <outerBoundaryIs>
                    <LinearRing id="7926">
                        <coordinates>10.600502512562812,55.81689736761493,0.0 10.600502512562812,55.83416308119215,0.0 10.625076110037016,55.83416308119215,0.0 10.623301629000082,55.82770416900008,0.0 10.62364438275567,55.81689736761493,0.0 10.600502512562812,55.81689736761493,0.0</coordinates>
                    </LinearRing>
                </outerBoundaryIs>
            </Polygon>
        </Placemark>
        <Placemark id="7931">
            <styleUrl>#7934</styleUrl>
            <Polygon id="7930">
                <outerBoundaryIs>
                    <LinearRing id="7932">
                        <coordinates>12.560301507537686,55.83416308119215,0.0 12.560301507537686,55.851421132491794,0.0 12.565047047413909,55.851421132491794,0.0 12.565114780000043,55.851141669000064,0.0 12.573541730367028,55.83416308119215,0.0 12.560301507537686,55.83416308119215,0.0</coordinates>
                    </LinearRing>
                </outerBoundaryIs>
            </Polygon>
        </Placemark>
        <Placemark id="7937">
            <styleUrl>#7940</styleUrl>
            <Polygon id="7936">
                <outerBoundaryIs>
                    <LinearRing id="7938">
                        <coordinates>10.600502512562812,55.88591425560163,0.0 10.600502512562812,55.86867152334919,0.0 10.562814070351758,55.86867152334919,0.0 10.562814070351758,55.8694017873177,0.0 10.573090040000068,55.87885163000004,0.0 10.576685159835263,55.88591425560163,0.0 10.600502512562812,55.88591425560163,0.0</coordinates>
                    </LinearRing>
                </outerBoundaryIs>
            </Polygon>
        </Placemark>
        <Placemark id="7943">
            <styleUrl>#7946</styleUrl>
            <Polygon id="7942">
                <outerBoundaryIs>
                    <LinearRing id="7944">
                        <coordinates>12.44723618090452,55.86867152334919,0.0 12.44723618090452,55.88591425560163,0.0 12.484924623115576,55.88591425560163,0.0 12.484924623115576,55.86867152334919,0.0 12.44723618090452,55.86867152334919,0.0</coordinates>
                    </LinearRing>
                </outerBoundaryIs>
            </Polygon>
        </Placemark>
        <Placemark id="7949">
            <styleUrl>#7952</styleUrl>
            <Polygon id="7948">
                <outerBoundaryIs>
                    <LinearRing id="7950">
                        <coordinates>12.409547738693465,55.88591425560163,0.0 12.409547738693465,55.903149331088336,0.0 12.44723618090452,55.903149331088336,0.0 12.44723618090452,55.88591425560163,0.0 12.409547738693465,55.88591425560163,0.0</coordinates>
                    </LinearRing>
                </outerBoundaryIs>
            </Polygon>
        </Placemark>
        <Placemark id="7955">
            <styleUrl>#7958</styleUrl>
            <Polygon id="7954">
                <outerBoundaryIs>
                    <LinearRing id="7956">
                        <coordinates>12.44723618090452,55.88591425560163,0.0 12.44723618090452,55.903149331088336,0.0 12.484924623115576,55.903149331088336,0.0 12.484924623115576,55.88591425560163,0.0 12.44723618090452,55.88591425560163,0.0</coordinates>
                    </LinearRing>
                </outerBoundaryIs>
            </Polygon>
        </Placemark>
        <Placemark id="7961">
            <styleUrl>#7964</styleUrl>
            <Polygon id="7960">
                <outerBoundaryIs>
                    <LinearRing id="7962">
                        <coordinates>12.258793969849245,55.903149331088336,0.0 12.258793969849245,55.920376751650544,0.0 12.2964824120603,55.920376751650544,0.0 12.2964824120603,55.903149331088336,0.0 12.258793969849245,55.903149331088336,0.0</coordinates>
                    </LinearRing>
                </outerBoundaryIs>
            </Polygon>
        </Placemark>
        <Placemark id="7967">
            <styleUrl>#7970</styleUrl>
            <Polygon id="7966">
                <outerBoundaryIs>
                    <LinearRing id="7968">
                        <coordinates>12.2964824120603,55.903149331088336,0.0 12.2964824120603,55.920376751650544,0.0 12.334170854271354,55.920376751650544,0.0 12.334170854271354,55.903149331088336,0.0 12.2964824120603,55.903149331088336,0.0</coordinates>
                    </LinearRing>
                </outerBoundaryIs>
            </Polygon>
        </Placemark>
        <Placemark id="7973">
            <styleUrl>#7976</styleUrl>
            <Polygon id="7972">
                <outerBoundaryIs>
                    <LinearRing id="7974">
                        <coordinates>12.37185929648241,55.903149331088336,0.0 12.37185929648241,55.920376751650544,0.0 12.409547738693465,55.920376751650544,0.0 12.409547738693465,55.903149331088336,0.0 12.37185929648241,55.903149331088336,0.0</coordinates>
                    </LinearRing>
                </outerBoundaryIs>
            </Polygon>
        </Placemark>
        <Placemark id="7979">
            <styleUrl>#7982</styleUrl>
            <Polygon id="7978">
                <outerBoundaryIs>
                    <LinearRing id="7980">
                        <coordinates>12.409547738693465,55.903149331088336,0.0 12.409547738693465,55.920376751650544,0.0 12.44723618090452,55.920376751650544,0.0 12.44723618090452,55.903149331088336,0.0 12.409547738693465,55.903149331088336,0.0</coordinates>
                    </LinearRing>
                </outerBoundaryIs>
            </Polygon>
        </Placemark>
        <Placemark id="7985">
            <styleUrl>#7988</styleUrl>
            <Polygon id="7984">
                <outerBoundaryIs>
                    <LinearRing id="7986">
                        <coordinates>12.44723618090452,55.903149331088336,0.0 12.44723618090452,55.920376751650544,0.0 12.484924623115576,55.920376751650544,0.0 12.484924623115576,55.903149331088336,0.0 12.44723618090452,55.903149331088336,0.0</coordinates>
                    </LinearRing>
                </outerBoundaryIs>
            </Polygon>
        </Placemark>
        <Placemark id="7991">
            <styleUrl>#7994</styleUrl>
            <Polygon id="7990">
                <outerBoundaryIs>
                    <LinearRing id="7992">
                        <coordinates>12.522613065326631,55.903149331088336,0.0 12.484924623115576,55.903149331088336,0.0 12.484924623115576,55.920376751650544,0.0 12.513276664875356,55.920376751650544,0.0 12.522613065326631,55.912735503175675,0.0 12.522613065326631,55.903149331088336,0.0</coordinates>
                    </LinearRing>
                </outerBoundaryIs>
            </Polygon>
        </Placemark>
        <Placemark id="7997">
            <styleUrl>#8000</styleUrl>
            <Polygon id="7996">
                <outerBoundaryIs>
                    <LinearRing id="7998">
                        <coordinates>12.258793969849245,55.920376751650544,0.0 12.258793969849245,55.9375965191314,0.0 12.2964824120603,55.9375965191314,0.0 12.2964824120603,55.920376751650544,0.0 12.258793969849245,55.920376751650544,0.0</coordinates>
                    </LinearRing>
                </outerBoundaryIs>
            </Polygon>
        </Placemark>
        <Placemark id="8003">
            <styleUrl>#8006</styleUrl>
            <Polygon id="8002">
                <outerBoundaryIs>
                    <LinearRing id="8004">
                        <coordinates>12.37185929648241,55.920376751650544,0.0 12.37185929648241,55.9375965191314,0.0 12.409547738693465,55.9375965191314,0.0 12.409547738693465,55.920376751650544,0.0 12.37185929648241,55.920376751650544,0.0</coordinates>
                    </LinearRing>
                </outerBoundaryIs>
            </Polygon>
        </Placemark>
        <Placemark id="8009">
            <styleUrl>#8012</styleUrl>
            <Polygon id="8008">
                <outerBoundaryIs>
                    <LinearRing id="8010">
                        <coordinates>12.409547738693465,55.920376751650544,0.0 12.409547738693465,55.9375965191314,0.0 12.44723618090452,55.9375965191314,0.0 12.44723618090452,55.920376751650544,0.0 12.409547738693465,55.920376751650544,0.0</coordinates>
                    </LinearRing>
                </outerBoundaryIs>
            </Polygon>
        </Placemark>
        <Placemark id="8015">
            <styleUrl>#8018</styleUrl>
            <Polygon id="8014">
                <outerBoundaryIs>
                    <LinearRing id="8016">
                        <coordinates>12.44723618090452,55.920376751650544,0.0 12.44723618090452,55.9375965191314,0.0 12.484924623115576,55.9375965191314,0.0 12.484924623115576,55.920376751650544,0.0 12.44723618090452,55.920376751650544,0.0</coordinates>
                    </LinearRing>
                </outerBoundaryIs>
            </Polygon>
        </Placemark>
        <Placemark id="8021">
            <styleUrl>#8024</styleUrl>
            <Polygon id="8020">
                <outerBoundaryIs>
                    <LinearRing id="8022">
                        <coordinates>12.484924623115576,55.920376751650544,0.0 12.484924623115576,55.9375965191314,0.0 12.522613065326631,55.9375965191314,0.0 12.522613065326631,55.93722565040468,0.0 12.512705925000091,55.92829010600007,0.0 12.512705925000091,55.92084381700005,0.0 12.513276664875356,55.920376751650544,0.0 12.484924623115576,55.920376751650544,0.0</coordinates>
                    </LinearRing>
                </outerBoundaryIs>
            </Polygon>
        </Placemark>
        <Placemark id="8027">
            <styleUrl>#8030</styleUrl>
            <Polygon id="8026">
                <outerBoundaryIs>
                    <LinearRing id="8028">
                        <coordinates>10.562814070351758,55.9375965191314,0.0 10.562814070351758,55.95480863537601,0.0 10.56404931273328,55.95480863537601,0.0 10.564219597000088,55.953843492000026,0.0 10.579246350257847,55.9375965191314,0.0 10.562814070351758,55.9375965191314,0.0</coordinates>
                    </LinearRing>
                </outerBoundaryIs>
            </Polygon>
        </Placemark>
        <Placemark id="8033">
            <styleUrl>#8036</styleUrl>
            <Polygon id="8032">
                <outerBoundaryIs>
                    <LinearRing id="8034">
                        <coordinates>11.73115577889447,55.9375965191314,0.0 11.73115577889447,55.95480863537601,0.0 11.768844221105526,55.95480863537601,0.0 11.768844221105526,55.94740314695786,0.0 11.754385667674194,55.9375965191314,0.0 11.73115577889447,55.9375965191314,0.0</coordinates>
                    </LinearRing>
                </outerBoundaryIs>
            </Polygon>
        </Placemark>
        <Placemark id="8039">
            <styleUrl>#8042</styleUrl>
            <Polygon id="8038">
                <outerBoundaryIs>
                    <LinearRing id="8040">
                        <coordinates>12.258793969849245,55.9375965191314,0.0 12.258793969849245,55.95480863537601,0.0 12.2964824120603,55.95480863537601,0.0 12.2964824120603,55.9375965191314,0.0 12.258793969849245,55.9375965191314,0.0</coordinates>
                    </LinearRing>
                </outerBoundaryIs>
            </Polygon>
        </Placemark>
        <Placemark id="8045">
            <styleUrl>#8048</styleUrl>
            <Polygon id="8044">
                <outerBoundaryIs>
                    <LinearRing id="8046">
                        <coordinates>12.334170854271354,55.9375965191314,0.0 12.334170854271354,55.95480863537601,0.0 12.37185929648241,55.95480863537601,0.0 12.37185929648241,55.9375965191314,0.0 12.334170854271354,55.9375965191314,0.0</coordinates>
                    </LinearRing>
                </outerBoundaryIs>
            </Polygon>
        </Placemark>
        <Placemark id="8051">
            <styleUrl>#8054</styleUrl>
            <Polygon id="8050">
                <outerBoundaryIs>
                    <LinearRing id="8052">
                        <coordinates>12.37185929648241,55.9375965191314,0.0 12.37185929648241,55.95480863537601,0.0 12.409547738693465,55.95480863537601,0.0 12.409547738693465,55.9375965191314,0.0 12.37185929648241,55.9375965191314,0.0</coordinates>
                    </LinearRing>
                </outerBoundaryIs>
            </Polygon>
        </Placemark>
        <Placemark id="8057">
            <styleUrl>#8060</styleUrl>
            <Polygon id="8056">
                <outerBoundaryIs>
                    <LinearRing id="8058">
                        <coordinates>12.409547738693465,55.9375965191314,0.0 12.409547738693465,55.95480863537601,0.0 12.44723618090452,55.95480863537601,0.0 12.44723618090452,55.9375965191314,0.0 12.409547738693465,55.9375965191314,0.0</coordinates>
                    </LinearRing>
                </outerBoundaryIs>
            </Polygon>
        </Placemark>
        <Placemark id="8063">
            <styleUrl>#8066</styleUrl>
            <Polygon id="8062">
                <outerBoundaryIs>
                    <LinearRing id="8064">
                        <coordinates>12.44723618090452,55.9375965191314,0.0 12.44723618090452,55.95480863537601,0.0 12.484924623115576,55.95480863537601,0.0 12.484924623115576,55.9375965191314,0.0 12.44723618090452,55.9375965191314,0.0</coordinates>
                    </LinearRing>
                </outerBoundaryIs>
            </Polygon>
        </Placemark>
        <Placemark id="8069">
            <styleUrl>#8072</styleUrl>
            <Polygon id="8068">
                <outerBoundaryIs>
                    <LinearRing id="8070">
                        <coordinates>12.484924623115576,55.9375965191314,0.0 12.484924623115576,55.95480863537601,0.0 12.522613065326631,55.95480863537601,0.0 12.522613065326631,55.9375965191314,0.0 12.484924623115576,55.9375965191314,0.0</coordinates>
                    </LinearRing>
                </outerBoundaryIs>
            </Polygon>
        </Placemark>
        <Placemark id="8075">
            <styleUrl>#8078</styleUrl>
            <Polygon id="8074">
                <outerBoundaryIs>
                    <LinearRing id="8076">
                        <coordinates>12.522613065326631,55.9375965191314,0.0 12.522613065326631,55.95480863537601,0.0 12.535752743431303,55.95480863537601,0.0 12.525563998000052,55.939886786000045,0.0 12.523024309418174,55.9375965191314,0.0 12.522613065326631,55.9375965191314,0.0</coordinates>
                    </LinearRing>
                </outerBoundaryIs>
            </Polygon>
        </Placemark>
        <Placemark id="8081">
            <styleUrl>#8084</styleUrl>
            <Polygon id="8080">
                <outerBoundaryIs>
                    <LinearRing id="8082">
                        <coordinates>12.2964824120603,55.95480863537601,0.0 12.2964824120603,55.97201310223141,0.0 12.334170854271354,55.97201310223141,0.0 12.334170854271354,55.95480863537601,0.0 12.2964824120603,55.95480863537601,0.0</coordinates>
                    </LinearRing>
                </outerBoundaryIs>
            </Polygon>
        </Placemark>
        <Placemark id="8087">
            <styleUrl>#8090</styleUrl>
            <Polygon id="8086">
                <outerBoundaryIs>
                    <LinearRing id="8088">
                        <coordinates>12.334170854271354,55.95480863537601,0.0 12.334170854271354,55.97201310223141,0.0 12.37185929648241,55.97201310223141,0.0 12.37185929648241,55.95480863537601,0.0 12.334170854271354,55.95480863537601,0.0</coordinates>
                    </LinearRing>
                </outerBoundaryIs>
            </Polygon>
        </Placemark>
        <Placemark id="8093">
            <styleUrl>#8096</styleUrl>
            <Polygon id="8092">
                <outerBoundaryIs>
                    <LinearRing id="8094">
                        <coordinates>12.37185929648241,55.95480863537601,0.0 12.37185929648241,55.97201310223141,0.0 12.409547738693465,55.97201310223141,0.0 12.409547738693465,55.95480863537601,0.0 12.37185929648241,55.95480863537601,0.0</coordinates>
                    </LinearRing>
                </outerBoundaryIs>
            </Polygon>
        </Placemark>
        <Placemark id="8099">
            <styleUrl>#8102</styleUrl>
            <Polygon id="8098">
                <outerBoundaryIs>
                    <LinearRing id="8100">
                        <coordinates>12.409547738693465,55.95480863537601,0.0 12.409547738693465,55.97201310223141,0.0 12.44723618090452,55.97201310223141,0.0 12.44723618090452,55.95480863537601,0.0 12.409547738693465,55.95480863537601,0.0</coordinates>
                    </LinearRing>
                </outerBoundaryIs>
            </Polygon>
        </Placemark>
        <Placemark id="8105">
            <styleUrl>#8108</styleUrl>
            <Polygon id="8104">
                <outerBoundaryIs>
                    <LinearRing id="8106">
                        <coordinates>12.44723618090452,55.95480863537601,0.0 12.44723618090452,55.97201310223141,0.0 12.484924623115576,55.97201310223141,0.0 12.484924623115576,55.95480863537601,0.0 12.44723618090452,55.95480863537601,0.0</coordinates>
                    </LinearRing>
                </outerBoundaryIs>
            </Polygon>
        </Placemark>
        <Placemark id="8111">
            <styleUrl>#8114</styleUrl>
            <Polygon id="8110">
                <outerBoundaryIs>
                    <LinearRing id="8112">
                        <coordinates>11.354271356783919,55.97201310223141,0.0 11.316582914572864,55.97201310223141,0.0 11.316582914572864,55.984689809302346,0.0 11.354271356783919,55.974500587467915,0.0 11.354271356783919,55.97201310223141,0.0</coordinates>
                    </LinearRing>
                </outerBoundaryIs>
            </Polygon>
        </Placemark>
        <Placemark id="8117">
            <styleUrl>#8120</styleUrl>
            <Polygon id="8116">
                <outerBoundaryIs>
                    <LinearRing id="8118">
                        <coordinates>12.2964824120603,55.97201310223141,0.0 12.2964824120603,55.98920992154659,0.0 12.334170854271354,55.98920992154659,0.0 12.334170854271354,55.97201310223141,0.0 12.2964824120603,55.97201310223141,0.0</coordinates>
                    </LinearRing>
                </outerBoundaryIs>
            </Polygon>
        </Placemark>
        <Placemark id="8123">
            <styleUrl>#8126</styleUrl>
            <Polygon id="8122">
                <outerBoundaryIs>
                    <LinearRing id="8124">
                        <coordinates>12.334170854271354,55.97201310223141,0.0 12.334170854271354,55.98920992154659,0.0 12.37185929648241,55.98920992154659,0.0 12.37185929648241,55.97201310223141,0.0 12.334170854271354,55.97201310223141,0.0</coordinates>
                    </LinearRing>
                </outerBoundaryIs>
            </Polygon>
        </Placemark>
        <Placemark id="8129">
            <styleUrl>#8132</styleUrl>
            <Polygon id="8128">
                <outerBoundaryIs>
                    <LinearRing id="8130">
                        <coordinates>12.37185929648241,55.97201310223141,0.0 12.37185929648241,55.98920992154659,0.0 12.409547738693465,55.98920992154659,0.0 12.409547738693465,55.97201310223141,0.0 12.37185929648241,55.97201310223141,0.0</coordinates>
                    </LinearRing>
                </outerBoundaryIs>
            </Polygon>
        </Placemark>
        <Placemark id="8135">
            <styleUrl>#8138</styleUrl>
            <Polygon id="8134">
                <outerBoundaryIs>
                    <LinearRing id="8136">
                        <coordinates>12.409547738693465,55.97201310223141,0.0 12.409547738693465,55.98920992154659,0.0 12.44723618090452,55.98920992154659,0.0 12.44723618090452,55.97201310223141,0.0 12.409547738693465,55.97201310223141,0.0</coordinates>
                    </LinearRing>
                </outerBoundaryIs>
            </Polygon>
        </Placemark>
        <Placemark id="8141">
            <styleUrl>#8144</styleUrl>
            <Polygon id="8140">
                <outerBoundaryIs>
                    <LinearRing id="8142">
                        <coordinates>12.44723618090452,55.97201310223141,0.0 12.44723618090452,55.98920992154659,0.0 12.484924623115576,55.98920992154659,0.0 12.484924623115576,55.97201310223141,0.0 12.44723618090452,55.97201310223141,0.0</coordinates>
                    </LinearRing>
                </outerBoundaryIs>
            </Polygon>
        </Placemark>
        <Placemark id="8147">
            <styleUrl>#8150</styleUrl>
            <Polygon id="8146">
                <outerBoundaryIs>
                    <LinearRing id="8148">
                        <coordinates>12.334170854271354,55.98920992154659,0.0 12.334170854271354,56.00639909517248,0.0 12.37185929648241,56.00639909517248,0.0 12.37185929648241,55.98920992154659,0.0 12.334170854271354,55.98920992154659,0.0</coordinates>
                    </LinearRing>
                </outerBoundaryIs>
            </Polygon>
        </Placemark>
        <Placemark id="8153">
            <styleUrl>#8156</styleUrl>
            <Polygon id="8152">
                <outerBoundaryIs>
                    <LinearRing id="8154">
                        <coordinates>12.37185929648241,55.98920992154659,0.0 12.37185929648241,56.00639909517248,0.0 12.409547738693465,56.00639909517248,0.0 12.409547738693465,55.98920992154659,0.0 12.37185929648241,55.98920992154659,0.0</coordinates>
                    </LinearRing>
                </outerBoundaryIs>
            </Polygon>
        </Placemark>
        <Placemark id="8159">
            <styleUrl>#8162</styleUrl>
            <Polygon id="8158">
                <outerBoundaryIs>
                    <LinearRing id="8160">
                        <coordinates>12.409547738693465,55.98920992154659,0.0 12.409547738693465,56.00639909517248,0.0 12.44723618090452,56.00639909517248,0.0 12.44723618090452,55.98920992154659,0.0 12.409547738693465,55.98920992154659,0.0</coordinates>
                    </LinearRing>
                </outerBoundaryIs>
            </Polygon>
        </Placemark>
        <Placemark id="8165">
            <styleUrl>#8168</styleUrl>
            <Polygon id="8164">
                <outerBoundaryIs>
                    <LinearRing id="8166">
                        <coordinates>9.695979899497486,56.00639909517248,0.0 9.695979899497486,56.02358062496191,0.0 9.733668341708542,56.02358062496191,0.0 9.733668341708542,56.00639909517248,0.0 9.695979899497486,56.00639909517248,0.0</coordinates>
                    </LinearRing>
                </outerBoundaryIs>
            </Polygon>
        </Placemark>
        <Placemark id="8171">
            <styleUrl>#8174</styleUrl>
            <Polygon id="8170">
                <outerBoundaryIs>
                    <LinearRing id="8172">
                        <coordinates>12.37185929648241,56.00639909517248,0.0 12.37185929648241,56.02358062496191,0.0 12.409547738693465,56.02358062496191,0.0 12.409547738693465,56.00639909517248,0.0 12.37185929648241,56.00639909517248,0.0</coordinates>
                    </LinearRing>
                </outerBoundaryIs>
            </Polygon>
        </Placemark>
        <Placemark id="8177">
            <styleUrl>#8180</styleUrl>
            <Polygon id="8176">
                <outerBoundaryIs>
                    <LinearRing id="8178">
                        <coordinates>12.409547738693465,56.00639909517248,0.0 12.409547738693465,56.02358062496191,0.0 12.44723618090452,56.02358062496191,0.0 12.44723618090452,56.00639909517248,0.0 12.409547738693465,56.00639909517248,0.0</coordinates>
                    </LinearRing>
                </outerBoundaryIs>
            </Polygon>
        </Placemark>
        <Placemark id="8183">
            <styleUrl>#8186</styleUrl>
            <Polygon id="8182">
                <outerBoundaryIs>
                    <LinearRing id="8184">
                        <coordinates>12.560301507537686,56.00639909517248,0.0 12.560301507537686,56.02358062496191,0.0 12.597989949748742,56.02358062496191,0.0 12.597989949748742,56.02003393426592,0.0 12.580209555462957,56.00639909517248,0.0 12.560301507537686,56.00639909517248,0.0</coordinates>
                    </LinearRing>
                </outerBoundaryIs>
            </Polygon>
        </Placemark>
        <Placemark id="8189">
            <styleUrl>#8192</styleUrl>
            <Polygon id="8188">
                <outerBoundaryIs>
                    <LinearRing id="8190">
                        <coordinates>12.409547738693465,56.02358062496191,0.0 12.409547738693465,56.04075451276967,0.0 12.44723618090452,56.04075451276967,0.0 12.44723618090452,56.02358062496191,0.0 12.409547738693465,56.02358062496191,0.0</coordinates>
                    </LinearRing>
                </outerBoundaryIs>
            </Polygon>
        </Placemark>
        <Placemark id="8195">
            <styleUrl>#8198</styleUrl>
            <Polygon id="8194">
                <outerBoundaryIs>
                    <LinearRing id="8196">
                        <coordinates>12.560301507537686,56.02358062496191,0.0 12.560301507537686,56.04075451276967,0.0 12.597989949748742,56.04075451276967,0.0 12.597989949748742,56.02358062496191,0.0 12.560301507537686,56.02358062496191,0.0</coordinates>
                    </LinearRing>
                </outerBoundaryIs>
            </Polygon>
        </Placemark>
        <Placemark id="8201">
            <styleUrl>#8204</styleUrl>
            <Polygon id="8200">
                <outerBoundaryIs>
                    <LinearRing id="8202">
                        <coordinates>12.597989949748742,56.02358062496191,0.0 12.597989949748742,56.04075451276967,0.0 12.619331990828908,56.04075451276967,0.0 12.608409050000091,56.02802155200005,0.0 12.602616009992094,56.02358062496191,0.0 12.597989949748742,56.02358062496191,0.0</coordinates>
                    </LinearRing>
                </outerBoundaryIs>
            </Polygon>
        </Placemark>
        <Placemark id="8207">
            <styleUrl>#8210</styleUrl>
            <Polygon id="8206">
                <outerBoundaryIs>
                    <LinearRing id="8208">
                        <coordinates>12.409547738693465,56.04075451276967,0.0 12.409547738693465,56.05792076045245,0.0 12.44723618090452,56.05792076045245,0.0 12.44723618090452,56.04075451276967,0.0 12.409547738693465,56.04075451276967,0.0</coordinates>
                    </LinearRing>
                </outerBoundaryIs>
            </Polygon>
        </Placemark>
        <Placemark id="8213">
            <styleUrl>#8216</styleUrl>
            <Polygon id="8212">
                <outerBoundaryIs>
                    <LinearRing id="8214">
                        <coordinates>12.597989949748742,56.04075451276967,0.0 12.597989949748742,56.055077294527656,0.0 12.62191816500007,56.04376862200007,0.0 12.619331990828908,56.04075451276967,0.0 12.597989949748742,56.04075451276967,0.0</coordinates>
                    </LinearRing>
                </outerBoundaryIs>
            </Polygon>
        </Placemark>
        <Placemark id="8219">
            <styleUrl>#8222</styleUrl>
            <Polygon id="8218">
                <outerBoundaryIs>
                    <LinearRing id="8220">
                        <coordinates>9.58291457286432,56.05792076045245,0.0 9.58291457286432,56.07507936986886,0.0 9.620603015075377,56.07507936986886,0.0 9.620603015075377,56.05792076045245,0.0 9.58291457286432,56.05792076045245,0.0</coordinates>
                    </LinearRing>
                </outerBoundaryIs>
            </Polygon>
        </Placemark>
        <Placemark id="8225">
            <styleUrl>#8228</styleUrl>
            <Polygon id="8224">
                <outerBoundaryIs>
                    <LinearRing id="8226">
                        <coordinates>12.409547738693465,56.05792076045245,0.0 12.409547738693465,56.07507936986886,0.0 12.44723618090452,56.07507936986886,0.0 12.44723618090452,56.05792076045245,0.0 12.409547738693465,56.05792076045245,0.0</coordinates>
                    </LinearRing>
                </outerBoundaryIs>
            </Polygon>
        </Placemark>
        <Placemark id="8231">
            <styleUrl>#8234</styleUrl>
            <Polygon id="8230">
                <outerBoundaryIs>
                    <LinearRing id="8232">
                        <coordinates>9.545226130653266,56.143637462110085,0.0 9.545226130653266,56.16075790814074,0.0 9.58291457286432,56.16075790814074,0.0 9.58291457286432,56.143637462110085,0.0 9.545226130653266,56.143637462110085,0.0</coordinates>
                    </LinearRing>
                </outerBoundaryIs>
            </Polygon>
        </Placemark>
        <Placemark id="8237">
            <styleUrl>#8240</styleUrl>
            <Polygon id="8236">
                <outerBoundaryIs>
                    <LinearRing id="8238">
                        <coordinates>9.58291457286432,56.143637462110085,0.0 9.58291457286432,56.16075790814074,0.0 9.620603015075377,56.16075790814074,0.0 9.620603015075377,56.143637462110085,0.0 9.58291457286432,56.143637462110085,0.0</coordinates>
                    </LinearRing>
                </outerBoundaryIs>
            </Polygon>
        </Placemark>
        <Placemark id="8243">
            <styleUrl>#8246</styleUrl>
            <Polygon id="8242">
                <outerBoundaryIs>
                    <LinearRing id="8244">
                        <coordinates>10.185929648241205,56.143637462110085,0.0 10.185929648241205,56.16075790814074,0.0 10.223618090452259,56.16075790814074,0.0 10.223618090452259,56.153576599868266,0.0 10.220225457000083,56.14789459800005,0.0 10.222165081078073,56.143637462110085,0.0 10.185929648241205,56.143637462110085,0.0</coordinates>
                    </LinearRing>
                </outerBoundaryIs>
            </Polygon>
        </Placemark>
        <Placemark id="8249">
            <styleUrl>#8252</styleUrl>
            <Polygon id="8248">
                <outerBoundaryIs>
                    <LinearRing id="8250">
                        <coordinates>9.545226130653266,56.16075790814074,0.0 9.545226130653266,56.177870727096774,0.0 9.58291457286432,56.177870727096774,0.0 9.58291457286432,56.16075790814074,0.0 9.545226130653266,56.16075790814074,0.0</coordinates>
                    </LinearRing>
                </outerBoundaryIs>
            </Polygon>
        </Placemark>
        <Placemark id="8255">
            <styleUrl>#8258</styleUrl>
            <Polygon id="8254">
                <outerBoundaryIs>
                    <LinearRing id="8256">
                        <coordinates>9.58291457286432,56.16075790814074,0.0 9.58291457286432,56.177870727096774,0.0 9.620603015075377,56.177870727096774,0.0 9.620603015075377,56.16075790814074,0.0 9.58291457286432,56.16075790814074,0.0</coordinates>
                    </LinearRing>
                </outerBoundaryIs>
            </Polygon>
        </Placemark>
        <Placemark id="8261">
            <styleUrl>#8264</styleUrl>
            <Polygon id="8260">
                <outerBoundaryIs>
                    <LinearRing id="8262">
                        <coordinates>10.525125628140701,56.16075790814074,0.0 10.525125628140701,56.177870727096774,0.0 10.549265925391111,56.177870727096774,0.0 10.55441210552483,56.16075790814074,0.0 10.525125628140701,56.16075790814074,0.0</coordinates>
                    </LinearRing>
                </outerBoundaryIs>
            </Polygon>
        </Placemark>
        <Placemark id="8267">
            <styleUrl>#8270</styleUrl>
            <Polygon id="8266">
                <outerBoundaryIs>
                    <LinearRing id="8268">
                        <coordinates>10.487437185929647,56.177870727096774,0.0 10.487437185929647,56.194975920850105,0.0 10.525125628140701,56.194975920850105,0.0 10.525125628140701,56.177870727096774,0.0 10.487437185929647,56.177870727096774,0.0</coordinates>
                    </LinearRing>
                </outerBoundaryIs>
            </Polygon>
        </Placemark>
        <Placemark id="8273">
            <styleUrl>#8276</styleUrl>
            <Polygon id="8272">
                <outerBoundaryIs>
                    <LinearRing id="8274">
                        <coordinates>10.525125628140701,56.177870727096774,0.0 10.525125628140701,56.194975920850105,0.0 10.562814070351758,56.194975920850105,0.0 10.562814070351758,56.187148331818214,0.0 10.549164259000063,56.178208726000044,0.0 10.549265925391111,56.177870727096774,0.0 10.525125628140701,56.177870727096774,0.0</coordinates>
                    </LinearRing>
                </outerBoundaryIs>
            </Polygon>
        </Placemark>
        <Placemark id="8279">
            <styleUrl>#8282</styleUrl>
            <Polygon id="8278">
                <outerBoundaryIs>
                    <LinearRing id="8280">
                        <coordinates>10.487437185929647,56.194975920850105,0.0 10.487437185929647,56.21207349127454,0.0 10.525125628140701,56.21207349127454,0.0 10.525125628140701,56.194975920850105,0.0 10.487437185929647,56.194975920850105,0.0</coordinates>
                    </LinearRing>
                </outerBoundaryIs>
            </Polygon>
        </Placemark>
        <Placemark id="8285">
            <styleUrl>#8288</styleUrl>
            <Polygon id="8284">
                <outerBoundaryIs>
                    <LinearRing id="8286">
                        <coordinates>10.525125628140701,56.194975920850105,0.0 10.525125628140701,56.21207349127454,0.0 10.562814070351758,56.21207349127454,0.0 10.562814070351758,56.194975920850105,0.0 10.525125628140701,56.194975920850105,0.0</coordinates>
                    </LinearRing>
                </outerBoundaryIs>
            </Polygon>
        </Placemark>
        <Placemark id="8291">
            <styleUrl>#8294</styleUrl>
            <Polygon id="8290">
                <outerBoundaryIs>
                    <LinearRing id="8292">
                        <coordinates>10.562814070351758,56.194975920850105,0.0 10.562814070351758,56.21207349127454,0.0 10.59452733827873,56.21207349127454,0.0 10.581228061000047,56.199204820000034,0.0 10.574768563649961,56.194975920850105,0.0 10.562814070351758,56.194975920850105,0.0</coordinates>
                    </LinearRing>
                </outerBoundaryIs>
            </Polygon>
        </Placemark>
        <Placemark id="8297">
            <styleUrl>#8300</styleUrl>
            <Polygon id="8296">
                <outerBoundaryIs>
                    <LinearRing id="8298">
                        <coordinates>8.603015075376883,56.21207349127454,0.0 8.603015075376883,56.22916344024578,0.0 8.640703517587939,56.22916344024578,0.0 8.640703517587939,56.21207349127454,0.0 8.603015075376883,56.21207349127454,0.0</coordinates>
                    </LinearRing>
                </outerBoundaryIs>
            </Polygon>
        </Placemark>
        <Placemark id="8303">
            <styleUrl>#8306</styleUrl>
            <Polygon id="8302">
                <outerBoundaryIs>
                    <LinearRing id="8304">
                        <coordinates>10.487437185929647,56.22916344024578,0.0 10.525125628140701,56.22916344024578,0.0 10.525125628140701,56.21207349127454,0.0 10.487437185929647,56.21207349127454,0.0 10.487437185929647,56.21236173285305,0.0 10.491221550000091,56.21629466400003,0.0 10.487437185929647,56.21986127550075,0.0 10.487437185929647,56.22916344024578,0.0</coordinates>
                    </LinearRing>
                </outerBoundaryIs>
            </Polygon>
        </Placemark>
        <Placemark id="8309">
            <styleUrl>#8312</styleUrl>
            <Polygon id="8308">
                <outerBoundaryIs>
                    <LinearRing id="8310">
                        <coordinates>10.525125628140701,56.21207349127454,0.0 10.525125628140701,56.22916344024578,0.0 10.562814070351758,56.22916344024578,0.0 10.562814070351758,56.21207349127454,0.0 10.525125628140701,56.21207349127454,0.0</coordinates>
                    </LinearRing>
                </outerBoundaryIs>
            </Polygon>
        </Placemark>
        <Placemark id="8315">
            <styleUrl>#8318</styleUrl>
            <Polygon id="8314">
                <outerBoundaryIs>
                    <LinearRing id="8316">
                        <coordinates>10.713567839195978,56.21207349127454,0.0 10.713567839195978,56.22916344024578,0.0 10.751256281407032,56.22916344024578,0.0 10.751256281407032,56.219127355308615,0.0 10.750010613000086,56.21605052300002,0.0 10.750343885296662,56.21207349127454,0.0 10.713567839195978,56.21207349127454,0.0</coordinates>
                    </LinearRing>
                </outerBoundaryIs>
            </Polygon>
        </Placemark>
        <Placemark id="8321">
            <styleUrl>#8324</styleUrl>
            <Polygon id="8320">
                <outerBoundaryIs>
                    <LinearRing id="8322">
                        <coordinates>10.675879396984923,56.22916344024578,0.0 10.675879396984923,56.24624576964136,0.0 10.713567839195978,56.24624576964136,0.0 10.713567839195978,56.22916344024578,0.0 10.675879396984923,56.22916344024578,0.0</coordinates>
                    </LinearRing>
                </outerBoundaryIs>
            </Polygon>
        </Placemark>
        <Placemark id="8327">
            <styleUrl>#8330</styleUrl>
            <Polygon id="8326">
                <outerBoundaryIs>
                    <LinearRing id="8328">
                        <coordinates>10.713567839195978,56.22916344024578,0.0 10.713567839195978,56.24624576964136,0.0 10.751256281407032,56.24624576964136,0.0 10.751256281407032,56.22916344024578,0.0 10.713567839195978,56.22916344024578,0.0</coordinates>
                    </LinearRing>
                </outerBoundaryIs>
            </Polygon>
        </Placemark>
        <Placemark id="8333">
            <styleUrl>#8336</styleUrl>
            <Polygon id="8332">
                <outerBoundaryIs>
                    <LinearRing id="8334">
                        <coordinates>10.751256281407032,56.22916344024578,0.0 10.751256281407032,56.24624576964136,0.0 10.781425608576308,56.24624576964136,0.0 10.772959832000083,56.24298737200007,0.0 10.755381707000083,56.229315497000066,0.0 10.755320127470036,56.22916344024578,0.0 10.751256281407032,56.22916344024578,0.0</coordinates>
                    </LinearRing>
                </outerBoundaryIs>
            </Polygon>
        </Placemark>
        <Placemark id="8339">
            <styleUrl>#8342</styleUrl>
            <Polygon id="8338">
                <outerBoundaryIs>
                    <LinearRing id="8340">
                        <coordinates>10.035175879396983,56.24624576964136,0.0 10.035175879396983,56.26332048134078,0.0 10.072864321608039,56.26332048134078,0.0 10.072864321608039,56.24624576964136,0.0 10.035175879396983,56.24624576964136,0.0</coordinates>
                    </LinearRing>
                </outerBoundaryIs>
            </Polygon>
        </Placemark>
        <Placemark id="8345">
            <styleUrl>#8348</styleUrl>
            <Polygon id="8344">
                <outerBoundaryIs>
                    <LinearRing id="8346">
                        <coordinates>10.525125628140701,56.24624576964136,0.0 10.525125628140701,56.26332048134078,0.0 10.562814070351758,56.26332048134078,0.0 10.562814070351758,56.24624576964136,0.0 10.525125628140701,56.24624576964136,0.0</coordinates>
                    </LinearRing>
                </outerBoundaryIs>
            </Polygon>
        </Placemark>
        <Placemark id="8351">
            <styleUrl>#8354</styleUrl>
            <Polygon id="8350">
                <outerBoundaryIs>
                    <LinearRing id="8352">
                        <coordinates>10.675879396984923,56.24624576964136,0.0 10.675879396984923,56.26332048134078,0.0 10.713567839195978,56.26332048134078,0.0 10.713567839195978,56.24624576964136,0.0 10.675879396984923,56.24624576964136,0.0</coordinates>
                    </LinearRing>
                </outerBoundaryIs>
            </Polygon>
        </Placemark>
        <Placemark id="8357">
            <styleUrl>#8360</styleUrl>
            <Polygon id="8356">
                <outerBoundaryIs>
                    <LinearRing id="8358">
                        <coordinates>10.713567839195978,56.24624576964136,0.0 10.713567839195978,56.26332048134078,0.0 10.751256281407032,56.26332048134078,0.0 10.751256281407032,56.24624576964136,0.0 10.713567839195978,56.24624576964136,0.0</coordinates>
                    </LinearRing>
                </outerBoundaryIs>
            </Polygon>
        </Placemark>
        <Placemark id="8363">
            <styleUrl>#8366</styleUrl>
            <Polygon id="8362">
                <outerBoundaryIs>
                    <LinearRing id="8364">
                        <coordinates>10.751256281407032,56.24624576964136,0.0 10.751256281407032,56.26332048134078,0.0 10.788944723618089,56.26332048134078,0.0 10.788944723618089,56.24913957368534,0.0 10.781425608576308,56.24624576964136,0.0 10.751256281407032,56.24624576964136,0.0</coordinates>
                    </LinearRing>
                </outerBoundaryIs>
            </Polygon>
        </Placemark>
        <Placemark id="8369">
            <styleUrl>#8372</styleUrl>
            <Polygon id="8368">
                <outerBoundaryIs>
                    <LinearRing id="8370">
                        <coordinates>10.713567839195978,56.26332048134078,0.0 10.713567839195978,56.280387577225284,0.0 10.751256281407032,56.280387577225284,0.0 10.751256281407032,56.26332048134078,0.0 10.713567839195978,56.26332048134078,0.0</coordinates>
                    </LinearRing>
                </outerBoundaryIs>
            </Polygon>
        </Placemark>
        <Placemark id="8375">
            <styleUrl>#8378</styleUrl>
            <Polygon id="8374">
                <outerBoundaryIs>
                    <LinearRing id="8376">
                        <coordinates>10.751256281407032,56.26332048134078,0.0 10.751256281407032,56.280387577225284,0.0 10.788944723618089,56.280387577225284,0.0 10.788944723618089,56.26332048134078,0.0 10.751256281407032,56.26332048134078,0.0</coordinates>
                    </LinearRing>
                </outerBoundaryIs>
            </Polygon>
        </Placemark>
        <Placemark id="8381">
            <styleUrl>#8384</styleUrl>
            <Polygon id="8380">
                <outerBoundaryIs>
                    <LinearRing id="8382">
                        <coordinates>10.788944723618089,56.26332048134078,0.0 10.788944723618089,56.280387577225284,0.0 10.826633165829145,56.280387577225284,0.0 10.826633165829145,56.26653140283196,0.0 10.822594813687017,56.26332048134078,0.0 10.788944723618089,56.26332048134078,0.0</coordinates>
                    </LinearRing>
                </outerBoundaryIs>
            </Polygon>
        </Placemark>
        <Placemark id="8387">
            <styleUrl>#8390</styleUrl>
            <Polygon id="8386">
                <outerBoundaryIs>
                    <LinearRing id="8388">
                        <coordinates>8.188442211055277,56.280387577225284,0.0 8.188442211055277,56.29744705917809,0.0 8.226130653266331,56.29744705917809,0.0 8.226130653266331,56.280387577225284,0.0 8.188442211055277,56.280387577225284,0.0</coordinates>
                    </LinearRing>
                </outerBoundaryIs>
            </Polygon>
        </Placemark>
        <Placemark id="8393">
            <styleUrl>#8396</styleUrl>
            <Polygon id="8392">
                <outerBoundaryIs>
                    <LinearRing id="8394">
                        <coordinates>10.751256281407032,56.280387577225284,0.0 10.751256281407032,56.29744705917809,0.0 10.788944723618089,56.29744705917809,0.0 10.788944723618089,56.280387577225284,0.0 10.751256281407032,56.280387577225284,0.0</coordinates>
                    </LinearRing>
                </outerBoundaryIs>
            </Polygon>
        </Placemark>
        <Placemark id="8399">
            <styleUrl>#8402</styleUrl>
            <Polygon id="8398">
                <outerBoundaryIs>
                    <LinearRing id="8400">
                        <coordinates>10.788944723618089,56.280387577225284,0.0 10.788944723618089,56.29744705917809,0.0 10.826633165829145,56.29744705917809,0.0 10.826633165829145,56.280387577225284,0.0 10.788944723618089,56.280387577225284,0.0</coordinates>
                    </LinearRing>
                </outerBoundaryIs>
            </Polygon>
        </Placemark>
        <Placemark id="8405">
            <styleUrl>#8408</styleUrl>
            <Polygon id="8404">
                <outerBoundaryIs>
                    <LinearRing id="8406">
                        <coordinates>10.826633165829145,56.280387577225284,0.0 10.826633165829145,56.29744705917809,0.0 10.8643216080402,56.29744705917809,0.0 10.8643216080402,56.29648475181835,0.0 10.844063861530818,56.280387577225284,0.0 10.826633165829145,56.280387577225284,0.0</coordinates>
                    </LinearRing>
                </outerBoundaryIs>
            </Polygon>
        </Placemark>
        <Placemark id="8411">
            <styleUrl>#8414</styleUrl>
            <Polygon id="8410">
                <outerBoundaryIs>
                    <LinearRing id="8412">
                        <coordinates>10.751256281407032,56.29744705917809,0.0 10.751256281407032,56.314498929084216,0.0 10.788944723618089,56.314498929084216,0.0 10.788944723618089,56.29744705917809,0.0 10.751256281407032,56.29744705917809,0.0</coordinates>
                    </LinearRing>
                </outerBoundaryIs>
            </Polygon>
        </Placemark>
        <Placemark id="8417">
            <styleUrl>#8420</styleUrl>
            <Polygon id="8416">
                <outerBoundaryIs>
                    <LinearRing id="8418">
                        <coordinates>10.788944723618089,56.29744705917809,0.0 10.788944723618089,56.314498929084216,0.0 10.826633165829145,56.314498929084216,0.0 10.826633165829145,56.29744705917809,0.0 10.788944723618089,56.29744705917809,0.0</coordinates>
                    </LinearRing>
                </outerBoundaryIs>
            </Polygon>
        </Placemark>
        <Placemark id="8423">
            <styleUrl>#8426</styleUrl>
            <Polygon id="8422">
                <outerBoundaryIs>
                    <LinearRing id="8424">
                        <coordinates>10.826633165829145,56.29744705917809,0.0 10.826633165829145,56.314498929084216,0.0 10.8643216080402,56.314498929084216,0.0 10.8643216080402,56.29744705917809,0.0 10.826633165829145,56.29744705917809,0.0</coordinates>
                    </LinearRing>
                </outerBoundaryIs>
            </Polygon>
        </Placemark>
        <Placemark id="8429">
            <styleUrl>#8432</styleUrl>
            <Polygon id="8428">
                <outerBoundaryIs>
                    <LinearRing id="8430">
                        <coordinates>10.751256281407032,56.314498929084216,0.0 10.751256281407032,56.33154318883055,0.0 10.788944723618089,56.33154318883055,0.0 10.788944723618089,56.314498929084216,0.0 10.751256281407032,56.314498929084216,0.0</coordinates>
                    </LinearRing>
                </outerBoundaryIs>
            </Polygon>
        </Placemark>
        <Placemark id="8435">
            <styleUrl>#8438</styleUrl>
            <Polygon id="8434">
                <outerBoundaryIs>
                    <LinearRing id="8436">
                        <coordinates>10.788944723618089,56.314498929084216,0.0 10.788944723618089,56.33154318883055,0.0 10.826633165829145,56.33154318883055,0.0 10.826633165829145,56.314498929084216,0.0 10.788944723618089,56.314498929084216,0.0</coordinates>
                    </LinearRing>
                </outerBoundaryIs>
            </Polygon>
        </Placemark>
        <Placemark id="8441">
            <styleUrl>#8444</styleUrl>
            <Polygon id="8440">
                <outerBoundaryIs>
                    <LinearRing id="8442">
                        <coordinates>10.261306532663314,56.34857984030583,0.0 10.261306532663314,56.36560888540067,0.0 10.29899497487437,56.36560888540067,0.0 10.29899497487437,56.34857984030583,0.0 10.261306532663314,56.34857984030583,0.0</coordinates>
                    </LinearRing>
                </outerBoundaryIs>
            </Polygon>
        </Placemark>
        <Placemark id="8447">
            <styleUrl>#8450</styleUrl>
            <Polygon id="8446">
                <outerBoundaryIs>
                    <LinearRing id="8448">
                        <coordinates>8.263819095477386,56.36560888540067,0.0 8.263819095477386,56.382630326007465,0.0 8.301507537688442,56.382630326007465,0.0 8.301507537688442,56.36560888540067,0.0 8.263819095477386,56.36560888540067,0.0</coordinates>
                    </LinearRing>
                </outerBoundaryIs>
            </Polygon>
        </Placemark>
        <Placemark id="8453">
            <styleUrl>#8456</styleUrl>
            <Polygon id="8452">
                <outerBoundaryIs>
                    <LinearRing id="8454">
                        <coordinates>9.884422110552762,56.41665040133595,0.0 9.884422110552762,56.43364903985169,0.0 9.922110552763817,56.43364903985169,0.0 9.922110552763817,56.41665040133595,0.0 9.884422110552762,56.41665040133595,0.0</coordinates>
                    </LinearRing>
                </outerBoundaryIs>
            </Polygon>
        </Placemark>
        <Placemark id="8459">
            <styleUrl>#8462</styleUrl>
            <Polygon id="8458">
                <outerBoundaryIs>
                    <LinearRing id="8460">
                        <coordinates>9.884422110552762,56.43364903985169,0.0 9.884422110552762,56.45064008146749,0.0 9.922110552763817,56.45064008146749,0.0 9.922110552763817,56.43364903985169,0.0 9.884422110552762,56.43364903985169,0.0</coordinates>
                    </LinearRing>
                </outerBoundaryIs>
            </Polygon>
        </Placemark>
        <Placemark id="8465">
            <styleUrl>#8468</styleUrl>
            <Polygon id="8464">
                <outerBoundaryIs>
                    <LinearRing id="8466">
                        <coordinates>8.753768844221105,56.45064008146749,0.0 8.753768844221105,56.46762352808498,0.0 8.791457286432161,56.46762352808498,0.0 8.791457286432161,56.45064008146749,0.0 8.753768844221105,56.45064008146749,0.0</coordinates>
                    </LinearRing>
                </outerBoundaryIs>
            </Polygon>
        </Placemark>
        <Placemark id="8471">
            <styleUrl>#8474</styleUrl>
            <Polygon id="8470">
                <outerBoundaryIs>
                    <LinearRing id="8472">
                        <coordinates>10.148241206030148,56.53548140266712,0.0 10.148241206030148,56.55242690288044,0.0 10.185929648241205,56.55242690288044,0.0 10.185929648241205,56.53548140266712,0.0 10.148241206030148,56.53548140266712,0.0</coordinates>
                    </LinearRing>
                </outerBoundaryIs>
            </Polygon>
        </Placemark>
        <Placemark id="8477">
            <styleUrl>#8480</styleUrl>
            <Polygon id="8476">
                <outerBoundaryIs>
                    <LinearRing id="8478">
                        <coordinates>10.185929648241205,56.53548140266712,0.0 10.185929648241205,56.55242690288044,0.0 10.213087726181326,56.55242690288044,0.0 10.209397280660077,56.53548140266712,0.0 10.185929648241205,56.53548140266712,0.0</coordinates>
                    </LinearRing>
                </outerBoundaryIs>
            </Polygon>
        </Placemark>
        <Placemark id="8483">
            <styleUrl>#8486</styleUrl>
            <Polygon id="8482">
                <outerBoundaryIs>
                    <LinearRing id="8484">
                        <coordinates>10.148241206030148,56.55242690288044,0.0 10.148241206030148,56.569364819543075,0.0 10.185929648241205,56.569364819543075,0.0 10.185929648241205,56.55242690288044,0.0 10.148241206030148,56.55242690288044,0.0</coordinates>
                    </LinearRing>
                </outerBoundaryIs>
            </Polygon>
        </Placemark>
        <Placemark id="8489">
            <styleUrl>#8492</styleUrl>
            <Polygon id="8488">
                <outerBoundaryIs>
                    <LinearRing id="8490">
                        <coordinates>10.223618090452259,56.63704068899861,0.0 10.223618090452259,56.65394071665734,0.0 10.261306532663314,56.65394071665734,0.0 10.261306532663314,56.63704068899861,0.0 10.223618090452259,56.63704068899861,0.0</coordinates>
                    </LinearRing>
                </outerBoundaryIs>
            </Polygon>
        </Placemark>
        <Placemark id="8495">
            <styleUrl>#8498</styleUrl>
            <Polygon id="8494">
                <outerBoundaryIs>
                    <LinearRing id="8496">
                        <coordinates>8.252201889860372,56.70459537510468,0.0 8.245860222000088,56.704006252000056,0.0 8.245648332029438,56.70459537510468,0.0 8.252201889860372,56.70459537510468,0.0</coordinates>
                    </LinearRing>
                </outerBoundaryIs>
            </Polygon>
        </Placemark>
        <Placemark id="8501">
            <styleUrl>#8504</styleUrl>
            <Polygon id="8500">
                <outerBoundaryIs>
                    <LinearRing id="8502">
                        <coordinates>8.226130653266331,56.68771805778455,0.0 8.226130653266331,56.69925864253215,0.0 8.233164910000085,56.69546133000006,0.0 8.232432488000086,56.688381252000056,0.0 8.23197296780009,56.68771805778455,0.0 8.226130653266331,56.68771805778455,0.0</coordinates>
                    </LinearRing>
                </outerBoundaryIs>
            </Polygon>
        </Placemark>
        <Placemark id="8507">
            <styleUrl>#8510</styleUrl>
            <Polygon id="8506">
                <outerBoundaryIs>
                    <LinearRing id="8508">
                        <coordinates>9.243718592964823,56.755181937238106,0.0 9.243718592964823,56.77202900111353,0.0 9.281407035175878,56.77202900111353,0.0 9.281407035175878,56.755181937238106,0.0 9.243718592964823,56.755181937238106,0.0</coordinates>
                    </LinearRing>
                </outerBoundaryIs>
            </Polygon>
        </Placemark>
        <Placemark id="8513">
            <styleUrl>#8516</styleUrl>
            <Polygon id="8512">
                <outerBoundaryIs>
                    <LinearRing id="8514">
                        <coordinates>10.035175879396983,56.90653356809686,0.0 10.035175879396983,56.923312675116684,0.0 10.072864321608039,56.923312675116684,0.0 10.072864321608039,56.90653356809686,0.0 10.035175879396983,56.90653356809686,0.0</coordinates>
                    </LinearRing>
                </outerBoundaryIs>
            </Polygon>
        </Placemark>
        <Placemark id="8519">
            <styleUrl>#8522</styleUrl>
            <Polygon id="8518">
                <outerBoundaryIs>
                    <LinearRing id="8520">
                        <coordinates>10.261306532663314,56.90653356809686,0.0 10.261306532663314,56.923312675116684,0.0 10.270954809188861,56.923312675116684,0.0 10.26929772200009,56.91502513200004,0.0 10.265879754000082,56.90770091400003,0.0 10.266396743581355,56.90653356809686,0.0 10.261306532663314,56.90653356809686,0.0</coordinates>
                    </LinearRing>
                </outerBoundaryIs>
            </Polygon>
        </Placemark>
        <Placemark id="8525">
            <styleUrl>#8528</styleUrl>
            <Polygon id="8524">
                <outerBoundaryIs>
                    <LinearRing id="8526">
                        <coordinates>10.261306532663314,56.923312675116684,0.0 10.261306532663314,56.94008424110704,0.0 10.274309395803028,56.94008424110704,0.0 10.270954809188861,56.923312675116684,0.0 10.261306532663314,56.923312675116684,0.0</coordinates>
                    </LinearRing>
                </outerBoundaryIs>
            </Polygon>
        </Placemark>
        <Placemark id="8531">
            <styleUrl>#8534</styleUrl>
            <Polygon id="8530">
                <outerBoundaryIs>
                    <LinearRing id="8532">
                        <coordinates>9.846733668341708,56.95684826802066,0.0 9.846733668341708,56.97360475781203,0.0 9.884422110552762,56.97360475781203,0.0 9.884422110552762,56.95684826802066,0.0 9.846733668341708,56.95684826802066,0.0</coordinates>
                    </LinearRing>
                </outerBoundaryIs>
            </Polygon>
        </Placemark>
        <Placemark id="8537">
            <styleUrl>#8540</styleUrl>
            <Polygon id="8536">
                <outerBoundaryIs>
                    <LinearRing id="8538">
                        <coordinates>9.809045226130651,56.97360475781203,0.0 9.809045226130651,56.990353712437276,0.0 9.846733668341708,56.990353712437276,0.0 9.846733668341708,56.97360475781203,0.0 9.809045226130651,56.97360475781203,0.0</coordinates>
                    </LinearRing>
                </outerBoundaryIs>
            </Polygon>
        </Placemark>
        <Placemark id="8543">
            <styleUrl>#8546</styleUrl>
            <Polygon id="8542">
                <outerBoundaryIs>
                    <LinearRing id="8544">
                        <coordinates>9.846733668341708,56.97360475781203,0.0 9.846733668341708,56.990353712437276,0.0 9.884422110552762,56.990353712437276,0.0 9.884422110552762,56.97360475781203,0.0 9.846733668341708,56.97360475781203,0.0</coordinates>
                    </LinearRing>
                </outerBoundaryIs>
            </Polygon>
        </Placemark>
        <Placemark id="8549">
            <styleUrl>#8552</styleUrl>
            <Polygon id="8548">
                <outerBoundaryIs>
                    <LinearRing id="8550">
                        <coordinates>9.884422110552762,56.97360475781203,0.0 9.884422110552762,56.990353712437276,0.0 9.922110552763817,56.990353712437276,0.0 9.922110552763817,56.97360475781203,0.0 9.884422110552762,56.97360475781203,0.0</coordinates>
                    </LinearRing>
                </outerBoundaryIs>
            </Polygon>
        </Placemark>
        <Placemark id="8555">
            <styleUrl>#8558</styleUrl>
            <Polygon id="8554">
                <outerBoundaryIs>
                    <LinearRing id="8556">
                        <coordinates>9.809045226130651,56.990353712437276,0.0 9.809045226130651,57.00709513385425,0.0 9.846733668341708,57.00709513385425,0.0 9.846733668341708,56.990353712437276,0.0 9.809045226130651,56.990353712437276,0.0</coordinates>
                    </LinearRing>
                </outerBoundaryIs>
            </Polygon>
        </Placemark>
        <Placemark id="8561">
            <styleUrl>#8564</styleUrl>
            <Polygon id="8560">
                <outerBoundaryIs>
                    <LinearRing id="8562">
                        <coordinates>9.846733668341708,56.990353712437276,0.0 9.846733668341708,57.00709513385425,0.0 9.884422110552762,57.00709513385425,0.0 9.884422110552762,56.990353712437276,0.0 9.846733668341708,56.990353712437276,0.0</coordinates>
                    </LinearRing>
                </outerBoundaryIs>
            </Polygon>
        </Placemark>
        <Placemark id="8567">
            <styleUrl>#8570</styleUrl>
            <Polygon id="8566">
                <outerBoundaryIs>
                    <LinearRing id="8568">
                        <coordinates>9.809045226130651,57.04055538490325,0.0 9.771356783919597,57.04055538490325,0.0 9.771356783919597,57.05713482450987,0.0 9.809045226130651,57.05175065660492,0.0 9.809045226130651,57.04055538490325,0.0</coordinates>
                    </LinearRing>
                </outerBoundaryIs>
            </Polygon>
        </Placemark>
        <Placemark id="8573">
            <styleUrl>#8576</styleUrl>
            <Polygon id="8572">
                <outerBoundaryIs>
                    <LinearRing id="8574">
                        <coordinates>9.922110552763817,57.04055538490325,0.0 9.922110552763817,57.05727421845941,0.0 9.959798994974873,57.05727421845941,0.0 9.959798994974873,57.04055538490325,0.0 9.922110552763817,57.04055538490325,0.0</coordinates>
                    </LinearRing>
                </outerBoundaryIs>
            </Polygon>
        </Placemark>
        <Placemark id="8579">
            <styleUrl>#8582</styleUrl>
            <Polygon id="8578">
                <outerBoundaryIs>
                    <LinearRing id="8580">
                        <coordinates>10.072864321608039,57.30715478274308,0.0 10.072864321608039,57.32375344742187,0.0 10.110552763819094,57.32375344742187,0.0 10.110552763819094,57.30715478274308,0.0 10.072864321608039,57.30715478274308,0.0</coordinates>
                    </LinearRing>
                </outerBoundaryIs>
            </Polygon>
        </Placemark>
    </Document>
</kml>
